-- phpMyAdmin SQL Dump
-- version 5.2.1
-- https://www.phpmyadmin.net/
--
-- Host: localhost
-- Generation Time: May 14, 2025 at 04:54 AM
-- Server version: 10.4.28-MariaDB
-- PHP Version: 8.2.4

SET SQL_MODE = "NO_AUTO_VALUE_ON_ZERO";
START TRANSACTION;
SET time_zone = "+00:00";


/*!40101 SET @OLD_CHARACTER_SET_CLIENT=@@CHARACTER_SET_CLIENT */;
/*!40101 SET @OLD_CHARACTER_SET_RESULTS=@@CHARACTER_SET_RESULTS */;
/*!40101 SET @OLD_COLLATION_CONNECTION=@@COLLATION_CONNECTION */;
/*!40101 SET NAMES utf8mb4 */;

--
-- Database: `degree_verification`
--

-- --------------------------------------------------------

--
-- Table structure for table `batch_process_logs`
--

CREATE TABLE `batch_process_logs` (
  `id` int(11) NOT NULL,
  `degree_id` int(11) NOT NULL,
  `status` enum('success','failed','pending') NOT NULL,
  `message` text DEFAULT NULL,
  `created_at` timestamp NOT NULL DEFAULT current_timestamp()
) ENGINE=InnoDB DEFAULT CHARSET=utf8mb4 COLLATE=utf8mb4_general_ci;

--
-- Dumping data for table `batch_process_logs`
--

INSERT INTO `batch_process_logs` (`id`, `degree_id`, `status`, `message`, `created_at`) VALUES
(1, 103, 'pending', '{\"batchId\":1,\"timestamp\":\"2025-04-16T03:57:01.463Z\",\"message\":\"Đang chờ xử lý\"}', '2025-04-16 03:57:01'),
(2, 102, 'pending', '{\"batchId\":1,\"timestamp\":\"2025-04-16T03:57:01.464Z\",\"message\":\"Đang chờ xử lý\"}', '2025-04-16 03:57:01'),
(3, 102, 'success', '{\"timestamp\":\"2025-04-16T03:57:03.714Z\",\"message\":\"Phê duyệt thành công\"}', '2025-04-16 03:57:03'),
(4, 103, 'success', '{\"timestamp\":\"2025-04-16T03:57:03.717Z\",\"message\":\"Phê duyệt thành công\"}', '2025-04-16 03:57:03'),
(5, 105, 'pending', '{\"batchId\":2,\"timestamp\":\"2025-04-17T04:53:49.079Z\",\"message\":\"Đang chờ xử lý\"}', '2025-04-17 04:53:49'),
(6, 105, 'success', '{\"timestamp\":\"2025-04-17T04:53:51.341Z\",\"message\":\"Phê duyệt thành công\"}', '2025-04-17 04:53:51'),
(7, 105, 'pending', '{\"batchId\":3,\"timestamp\":\"2025-04-17T04:54:09.779Z\",\"message\":\"Đang chờ xử lý\"}', '2025-04-17 04:54:09'),
(8, 105, 'success', '{\"timestamp\":\"2025-04-17T04:54:11.881Z\",\"message\":\"Phê duyệt thành công\"}', '2025-04-17 04:54:11');

-- --------------------------------------------------------

--
-- Table structure for table `batch_process_summary`
--

CREATE TABLE `batch_process_summary` (
  `id` int(11) NOT NULL,
  `total` int(11) NOT NULL,
  `success_count` int(11) NOT NULL DEFAULT 0,
  `failed_count` int(11) NOT NULL DEFAULT 0,
  `approver_id` int(11) NOT NULL,
  `started_at` timestamp NOT NULL DEFAULT current_timestamp(),
  `completed_at` timestamp NULL DEFAULT NULL
) ENGINE=InnoDB DEFAULT CHARSET=utf8mb4 COLLATE=utf8mb4_general_ci;

--
-- Dumping data for table `batch_process_summary`
--

INSERT INTO `batch_process_summary` (`id`, `total`, `success_count`, `failed_count`, `approver_id`, `started_at`, `completed_at`) VALUES
(1, 2, 2, 0, 49, '2025-04-16 03:57:01', '2025-04-16 03:57:04'),
(2, 1, 1, 0, 49, '2025-04-17 04:53:49', '2025-04-17 04:53:51'),
(3, 1, 1, 0, 49, '2025-04-17 04:54:09', '2025-04-17 04:54:12');

-- --------------------------------------------------------

--
-- Table structure for table `degrees`
--

CREATE TABLE `degrees` (
  `id` int(11) NOT NULL,
  `user_id` int(11) NOT NULL,
  `major_id` int(11) NOT NULL,
  `degree_name` varchar(255) NOT NULL,
  `degree_type` tinyint(4) NOT NULL CHECK (`degree_type` in (0,1,2,3)),
  `graduation_year` int(4) NOT NULL,
  `gpa` decimal(3,2) DEFAULT NULL,
  `degree_image_front` longblob DEFAULT NULL,
  `degree_image_back` longblob DEFAULT NULL,
  `blockchain_hash` binary(32) DEFAULT NULL,
  `verification_code` varchar(20) DEFAULT NULL,
  `no_degree` char(64) DEFAULT NULL,
  `status` enum('valid','revoked','pending') NOT NULL DEFAULT 'pending',
  `batch_approval` tinyint(1) NOT NULL DEFAULT 0,
  `issued_at` datetime DEFAULT current_timestamp(),
  `query_time` datetime DEFAULT NULL,
  `hash_qrcode` varchar(255) DEFAULT NULL,
  `has_nft` tinyint(1) DEFAULT 0,
  `nft_token_id` varchar(100) DEFAULT NULL
) ENGINE=InnoDB DEFAULT CHARSET=utf8mb4 COLLATE=utf8mb4_unicode_ci;

--
-- Dumping data for table `degrees`
--

INSERT INTO `degrees` (`id`, `user_id`, `major_id`, `degree_name`, `degree_type`, `graduation_year`, `gpa`, `degree_image_front`, `degree_image_back`, `blockchain_hash`, `verification_code`, `no_degree`, `status`, `batch_approval`, `issued_at`, `query_time`, `hash_qrcode`, `has_nft`, `nft_token_id`) VALUES
(92, 62, 1, 'Cu Nhan', 1, 2025, 3.90, 0x516d5434536e735964764b536f727a6a356353476731324538573771655552635a62344d5970474b33354d58764d, 0x516d58575559643152336548414a68517a6e667154706b443932425857655058416178463651544331396857524e, 0x3132333432333432333132000000000000000000000000000000000000000000, '9A6D6E', NULL, 'valid', 0, '2025-04-11 09:54:01', NULL, '59c826879dc4b7e6ff07e4dab6a51c068b8ab379606d12fe7f8df1888f827762', 0, NULL),
(98, 51, 1, 'Cử nhân Công nghệ Thông tin', 1, 2025, 2.90, 0x516d6355336b6a6f64344c796f3546614d4c3438774c4259427a4d64355859336a54574a36736b3341456d713970, 0x516d505756726a4b56696b46387334454d57795377343775667475713143555846475a39774a614270794a514372, 0x3130323032303238000000000000000000000000000000000000000000000000, '9F202B', NULL, 'revoked', 0, '2025-04-15 16:32:35', NULL, 'd6cf5aff160e8155ed5e597ec4c771ac7727b03a2bf1393acb8746db3909b28b', 0, NULL),
(99, 50, 1, 'Cử nhân Công nghệ Thông tin', 1, 2025, 3.20, 0x516d6355336b6a6f64344c796f3546614d4c3438774c4259427a4d64355859336a54574a36736b3341456d713970, 0x516d58575559643152336548414a68517a6e667154706b443932425857655058416178463651544331396857524e, 0x3239323932393230323000000000000000000000000000000000000000000000, 'F7AD18', NULL, 'valid', 0, '2025-04-16 10:12:07', NULL, '73446a3c8eaf28afac8f863dc50b79b8b3bba18d0a5257e02c6859d79cec957e', 0, NULL),
(100, 51, 1, 'Cử nhân Công nghệ Thông tin', 0, 2025, 3.20, 0x516d505756726a4b56696b46387334454d57795377343775667475713143555846475a39774a614270794a514372, 0x516d6355336b6a6f64344c796f3546614d4c3438774c4259427a4d64355859336a54574a36736b3341456d713970, 0x3230323032303230000000000000000000000000000000000000000000000000, '482471', NULL, 'valid', 0, '2025-04-16 10:23:25', NULL, '0b7d75c068ed5165be960279e7dacd2e900d50cbae19b654d02efc5b0fa68ee8', 0, NULL),
(101, 52, 1, 'Kỹ sư Công nghệ Thông tin', 3, 2025, 3.40, 0x516d5a36576f54325572554a7144466938697233774b697737733273314e46394b445a6a6579686153654145345a, 0x516d6355336b6a6f64344c796f3546614d4c3438774c4259427a4d64355859336a54574a36736b3341456d713970, 0x3230323032303200000000000000000000000000000000000000000000000000, 'D35FDD', NULL, 'valid', 0, '2025-04-16 10:42:03', NULL, 'cc7bfa667af930c5eaab41bf59e4f6b20288f9797b0ce094355f7e3e5783fb9e', 0, NULL),
(102, 53, 1, 'Thạc sĩ Công nghệ Thông tin', 1, 2025, 3.20, 0x516d5a36576f54325572554a7144466938697233774b697737733273314e46394b445a6a6579686153654145345a, 0x516d575835534a6f43774d6b614b583131385264475462594e697a736f3276744a794d426f3832415743726d4c6a, 0x3230323032303239000000000000000000000000000000000000000000000000, '089B08', NULL, 'revoked', 0, '2025-04-16 10:54:24', NULL, '4a0e364ba5e5ef111b69af031412953f3a4d7d3e2891d4968649807c1c7ecd77', 0, NULL),
(103, 48, 1, 'Thạc sĩ Công nghệ Thông tin', 1, 2025, 3.20, 0x516d5570573661394c69653154447051336a374376504769736b4745444c6564416956674b6a3646676157735247, 0x516d6355336b6a6f64344c796f3546614d4c3438774c4259427a4d64355859336a54574a36736b3341456d713970, 0x3230323032303230320000000000000000000000000000000000000000000000, '32C7B4', NULL, 'valid', 0, '2025-04-16 10:56:28', NULL, '901fc5fab82b0b61713b9bde21fc63ce4b8c8e8bbc1625a38b09f797e789907e', 0, NULL),
(104, 47, 1, 'Cử nhân Công nghệ Thông tin', 0, 2025, 3.75, 0x516d517652386e6434413241636572636b6847644a4d51353542796d513147763379477573456734596463785268, 0x516d6355336b6a6f64344c796f3546614d4c3438774c4259427a4d64355859336a54574a36736b3341456d713970, 0x3130313031313931300000000000000000000000000000000000000000000000, '183715', NULL, 'valid', 0, '2025-04-16 11:12:01', NULL, 'a5dbfb6da33ba098a09c2933640fd2174a8e021b576b23f9c4c171279dadca29', 0, NULL),
(105, 57, 2, 'BẰNG KỸ SƯ', 3, 2024, 3.30, 0x516d62634c665733367656675653655459466731524d4848583871444d723766426f7655564b4e62464a4e526351, 0x516d5a456539314d70596e787157395677397978794b36487a4a61573451485a525257725871527a596a6568626b, 0x4443543730323231333000000000000000000000000000000000000000000000, '40F1B7', NULL, 'valid', 0, '2025-04-17 11:48:54', NULL, '9b32cbad83b2d2a05e7115ea9df30d6e457a7fa43e4420ba29fa7efefbfc399e', 0, NULL);

-- --------------------------------------------------------

--
-- Table structure for table `majors`
--

CREATE TABLE `majors` (
  `id` int(11) NOT NULL,
  `name` varchar(255) NOT NULL,
  `created_at` datetime DEFAULT current_timestamp()
) ENGINE=InnoDB DEFAULT CHARSET=utf8mb4 COLLATE=utf8mb4_unicode_ci;

--
-- Dumping data for table `majors`
--

INSERT INTO `majors` (`id`, `name`, `created_at`) VALUES
(1, 'Khoa học máy tính', '2025-03-04 08:09:52'),
(2, 'Công nghệ thông tin', '2025-03-04 08:09:52'),
(3, 'Kế toán', '2025-03-04 08:09:52'),
(4, 'Quản trị kinh doanh', '2025-03-04 08:09:52'),
(5, 'Tài chính kế toán', '2025-03-04 08:09:52');

-- --------------------------------------------------------

--
-- Table structure for table `nfts`
--

CREATE TABLE `nfts` (
  `id` int(11) NOT NULL,
  `token_id` varchar(100) NOT NULL,
  `owner_id` varchar(50) NOT NULL,
  `name` varchar(255) NOT NULL,
  `description` text DEFAULT NULL,
  `image_cid` varchar(255) DEFAULT NULL,
  `attributes` longtext CHARACTER SET utf8mb4 COLLATE utf8mb4_bin DEFAULT NULL CHECK (json_valid(`attributes`)),
  `created_at` timestamp NOT NULL DEFAULT current_timestamp(),
  `updated_at` timestamp NOT NULL DEFAULT current_timestamp() ON UPDATE current_timestamp()
) ENGINE=InnoDB DEFAULT CHARSET=utf8mb4 COLLATE=utf8mb4_general_ci;

-- --------------------------------------------------------

--
-- Table structure for table `nft_attributes`
--

CREATE TABLE `nft_attributes` (
  `id` int(11) NOT NULL,
  `token_id` varchar(255) NOT NULL,
  `trait_type` varchar(255) NOT NULL,
  `value` varchar(255) NOT NULL
) ENGINE=InnoDB DEFAULT CHARSET=utf8mb4 COLLATE=utf8mb4_general_ci;

-- --------------------------------------------------------

--
-- Table structure for table `nft_transactions`
--

CREATE TABLE `nft_transactions` (
  `id` int(11) NOT NULL,
  `token_id` varchar(255) NOT NULL,
  `from_user` varchar(255) NOT NULL,
  `to_user` varchar(255) NOT NULL,
  `transaction_type` varchar(50) NOT NULL,
  `transaction_hash` varchar(255) DEFAULT NULL,
  `created_at` datetime DEFAULT current_timestamp(),
  `details` text DEFAULT NULL
) ENGINE=InnoDB DEFAULT CHARSET=utf8mb4 COLLATE=utf8mb4_general_ci;

-- --------------------------------------------------------

--
-- Table structure for table `nft_verification`
--

CREATE TABLE `nft_verification` (
  `id` int(11) NOT NULL,
  `token_id` varchar(255) NOT NULL,
  `owner_id` varchar(255) NOT NULL,
  `verification_code` varchar(50) NOT NULL,
  `created_at` timestamp NOT NULL DEFAULT current_timestamp(),
  `expiry_time` timestamp NOT NULL DEFAULT '0000-00-00 00:00:00',
  `is_valid` tinyint(1) DEFAULT 1
) ENGINE=InnoDB DEFAULT CHARSET=utf8mb4 COLLATE=utf8mb4_general_ci;

-- --------------------------------------------------------

--
-- Table structure for table `nft_verification_rights`
--

CREATE TABLE `nft_verification_rights` (
  `id` int(11) NOT NULL,
  `token_id` varchar(255) NOT NULL,
  `owner_id` varchar(255) NOT NULL,
  `verifier_id` varchar(255) NOT NULL,
  `verification_code` varchar(50) NOT NULL,
  `granted_at` timestamp NOT NULL DEFAULT current_timestamp(),
  `expiry_time` timestamp NOT NULL DEFAULT '0000-00-00 00:00:00',
  `is_valid` tinyint(1) DEFAULT 1
) ENGINE=InnoDB DEFAULT CHARSET=utf8mb4 COLLATE=utf8mb4_general_ci;

-- --------------------------------------------------------

--
-- Table structure for table `qr_codes`
--

CREATE TABLE `qr_codes` (
  `id` int(11) NOT NULL,
  `degree_id` varchar(255) NOT NULL,
  `token` varchar(512) NOT NULL,
  `expires_at` datetime NOT NULL,
  `used` tinyint(1) DEFAULT 0
) ENGINE=InnoDB DEFAULT CHARSET=utf8mb4 COLLATE=utf8mb4_general_ci;

--
-- Dumping data for table `qr_codes`
--

INSERT INTO `qr_codes` (`id`, `degree_id`, `token`, `expires_at`, `used`) VALUES
(1, '92', 'eyJhbGciOiJIUzI1NiIsInR5cCI6IkpXVCJ9.eyJpZCI6IjkyIiwiZXhwaXJlc0F0IjoiMjAyNS0wNC0xMVQwNDo0NjoxMi4xMjVaIiwiaWF0IjoxNzQ0MzQ0OTcyfQ.jf-zYDZ7IHhJDSI1AzDvAPBvj0pW_0CVpbWH0wLozww', '2025-04-11 11:46:12', 0),
(2, '92', 'eyJhbGciOiJIUzI1NiIsInR5cCI6IkpXVCJ9.eyJpZCI6IjkyIiwiZXhwaXJlc0F0IjoiMjAyNS0wNC0xMVQwNDo0NjoyNC45OTNaIiwiaWF0IjoxNzQ0MzQ0OTg0fQ.U4Z4Ve0tkBgdIbNhOw6R4byscL0xQIHtmH4dTVE3DRE', '2025-04-11 11:46:24', 0),
(3, '99', 'eyJhbGciOiJIUzI1NiIsInR5cCI6IkpXVCJ9.eyJpZCI6Ijk5IiwiZXhwaXJlc0F0IjoiMjAyNS0wNC0xNlQwMzo0NTo1MC43NjZaIiwiaWF0IjoxNzQ0NzczMzUwfQ.2SvIa5NFngkfg4rrj8HjemZgwfGDcGukoYoml0JF-b8', '2025-04-16 10:45:50', 0),
(4, '100', 'eyJhbGciOiJIUzI1NiIsInR5cCI6IkpXVCJ9.eyJpZCI6IjEwMCIsImV4cGlyZXNBdCI6IjIwMjUtMDQtMTZUMDQ6MTA6NDcuNTQyWiIsImlhdCI6MTc0NDc3NDg0N30.ntd_z7P3tzypGb4aJeDGg7bKWdOCSFSAMaywu8cG2bw', '2025-04-16 11:10:47', 0),
(5, '104', 'eyJhbGciOiJIUzI1NiIsInR5cCI6IkpXVCJ9.eyJpZCI6IjEwNCIsImV4cGlyZXNBdCI6IjIwMjUtMDQtMTdUMDU6Mjc6MjcuMzA5WiIsImlhdCI6MTc0NDg2NTg0N30.-_uqaLo8He5NR_x0nzyzVCDxTIUS-08dS6X8LfXhTGw', '2025-04-17 12:27:27', 0);

-- --------------------------------------------------------

--
-- Table structure for table `tokens`
--

CREATE TABLE `tokens` (
  `id` int(11) NOT NULL,
  `user_id` int(11) NOT NULL,
  `token` text NOT NULL,
  `refresh_token` text NOT NULL,
  `expires_at` datetime NOT NULL,
  `created_at` datetime DEFAULT current_timestamp()
) ENGINE=InnoDB DEFAULT CHARSET=utf8mb4 COLLATE=utf8mb4_general_ci;

--
-- Dumping data for table `tokens`
--

INSERT INTO `tokens` (`id`, `user_id`, `token`, `refresh_token`, `expires_at`, `created_at`) VALUES
(212, 49, 'eyJhbGciOiJIUzI1NiIsInR5cCI6IkpXVCJ9.eyJpZCI6NDksInVzZXJuYW1lIjoiTWFuYWdlciA0LjAiLCJyb2xlIjoibWFuYWdlciIsImlhdCI6MTc0NDMzNjMyMSwiZXhwIjoxNzQ0NDIyNzIxfQ.w3z-ju9kph-ZN8uXC7_r14dGv2E3qFzqB3rpr66TPHg', 'c726518530f278758f4aa07df7f011a686f260a74bc5820dd2727f1ae96f1d55f4cddebc8cf2afdfa80d1dc8d93226364fadb1df16dd947a781edfec921c023f', '2025-04-18 08:52:01', '2025-04-11 08:52:01'),
(213, 49, 'eyJhbGciOiJIUzI1NiIsInR5cCI6IkpXVCJ9.eyJpZCI6NDksInVzZXJuYW1lIjoiTWFuYWdlciA0LjAiLCJyb2xlIjoibWFuYWdlciIsImlhdCI6MTc0NDMzNzE1OSwiZXhwIjoxNzQ0NDIzNTU5fQ.dVtJKdkpCvHKNsQQsFlxZ_NAUA6VkPeiYR7sb3x3L4g', '5da41204f034eae0922d2512943fdd7fbd3e1f6160429bb32535516c2e5e86021eed6eaa72d09fddf557034f68fc2cf6daed76918147f4754008161ca0e00a53', '2025-04-18 09:05:59', '2025-04-11 09:05:59'),
(214, 49, 'eyJhbGciOiJIUzI1NiIsInR5cCI6IkpXVCJ9.eyJpZCI6NDksInVzZXJuYW1lIjoiTWFuYWdlciA0LjAiLCJyb2xlIjoibWFuYWdlciIsImlhdCI6MTc0NDMzNzQ4NywiZXhwIjoxNzQ0NDIzODg3fQ.nlEXrnoeGM18JgqMMsTBoe2jI1U0YkivagRof1AksNY', 'b4c1c181db807b36dd25d08c84736cfdbf0dbc73a00dff1ce25a66c3ed2dca471e9d05a2be78543b75d4a7f63d2de8b18de5a83f8f3abfbbaff37b0691c9fa2d', '2025-04-18 09:11:27', '2025-04-11 09:11:27'),
(215, 49, 'eyJhbGciOiJIUzI1NiIsInR5cCI6IkpXVCJ9.eyJpZCI6NDksInVzZXJuYW1lIjoiTWFuYWdlciA0LjAiLCJyb2xlIjoibWFuYWdlciIsImlhdCI6MTc0NDM0MDE4NSwiZXhwIjoxNzQ0NDI2NTg1fQ.LSllNEc96k-EeG-lWUlHfVQtTsUv8dahxlErRF4G8ms', '499fca325e1bd0c4cda847892baebd80e4d112cdffdb8ff5dd84dcb942f17cfd119c4a836495530e5ce238b82ee7e9a84114d84188e9e5926aa72c69a87061c6', '2025-04-18 09:56:25', '2025-04-11 09:56:25'),
(216, 49, 'eyJhbGciOiJIUzI1NiIsInR5cCI6IkpXVCJ9.eyJpZCI6NDksInVzZXJuYW1lIjoiTWFuYWdlciA0LjAiLCJyb2xlIjoibWFuYWdlciIsImlhdCI6MTc0NDM0MTAyMCwiZXhwIjoxNzQ0NDI3NDIwfQ.q_nBez5DzXbu7PIM3JXS314qwktvVNLRJgKV_wLDVQs', '30167e7cd5f68515d47fc949bb11395a46419b88974061765193c75c37e7120c8d0aa351be68ad655fa75a5cff29a596e3c5882d6a016a44f9e0772b793b90be', '2025-04-18 10:10:20', '2025-04-11 10:10:20'),
(217, 49, 'eyJhbGciOiJIUzI1NiIsInR5cCI6IkpXVCJ9.eyJpZCI6NDksInVzZXJuYW1lIjoiTWFuYWdlciA0LjAiLCJyb2xlIjoibWFuYWdlciIsImlhdCI6MTc0NDM0MTc3MiwiZXhwIjoxNzQ0NDI4MTcyfQ.5_qEpqM6uyZHaRMwdsXDMR7z08HwzSe4MwSx1mqrot4', 'd2827d888d1ac85d7058dd490897528b7ee3b5afebabedd02eab2ffd64be14e1568ad507462ae78137eca6d58f4fffd4f75791471aa4104da9656509da2ba419', '2025-04-18 10:22:52', '2025-04-11 10:22:52'),
(218, 49, 'eyJhbGciOiJIUzI1NiIsInR5cCI6IkpXVCJ9.eyJpZCI6NDksInVzZXJuYW1lIjoiTWFuYWdlciA0LjAiLCJyb2xlIjoibWFuYWdlciIsImlhdCI6MTc0NDM0MjEwMCwiZXhwIjoxNzQ0NDI4NTAwfQ.XovzTqjiIZowkHf4UIPd4KAtrvORcWa055svAveEERo', '2a69aeda95942a895a0cd2b4c9e4643769023e8428cf7c3c0f4ca5a6fdb2cabedd68bbf7ff609ba4bc8d2e6974c4cbcee305280a70f753b417f00f2d474b315f', '2025-04-18 10:28:20', '2025-04-11 10:28:20'),
(219, 49, 'eyJhbGciOiJIUzI1NiIsInR5cCI6IkpXVCJ9.eyJpZCI6NDksInVzZXJuYW1lIjoiTWFuYWdlciA0LjAiLCJyb2xlIjoibWFuYWdlciIsImlhdCI6MTc0NDM0MjMyOCwiZXhwIjoxNzQ0NDI4NzI4fQ.jLICxZ0-dwAp8GFLW90ExT26CxjGWG54KfUdMnph0xw', '78d1a7f0066dba8e187edb542710d9b8709849584549d583d22e6a381056c655b7c28376261f85b74eba954b88b7716d827aa86ab6b3cc77ee772d2540707384', '2025-04-18 10:32:08', '2025-04-11 10:32:08'),
(220, 49, 'eyJhbGciOiJIUzI1NiIsInR5cCI6IkpXVCJ9.eyJpZCI6NDksInVzZXJuYW1lIjoiTWFuYWdlciA0LjAiLCJyb2xlIjoibWFuYWdlciIsImlhdCI6MTc0NDM0Mjc5OCwiZXhwIjoxNzQ0NDI5MTk4fQ.CoqjmwwJM7Wvxc_WaDMTsrIcD2_jUNadeehcrYStFzA', 'f3276bd3fa8239a2d93bddee8831de85e847d1b7417f98105c60104ce1c4c30ec07432cee0325b963a1e18bd212df5ba939f42f76b22f6fbd64dce165d94d620', '2025-04-18 10:39:58', '2025-04-11 10:39:58'),
(221, 49, 'eyJhbGciOiJIUzI1NiIsInR5cCI6IkpXVCJ9.eyJpZCI6NDksInVzZXJuYW1lIjoiTWFuYWdlciA0LjAiLCJyb2xlIjoibWFuYWdlciIsImlhdCI6MTc0NDM0Mjg4NywiZXhwIjoxNzQ0NDI5Mjg3fQ.7VlfAGEUy5Un4OxBNyzEL1HzhhQt9Mq-qQ-t66YPZIQ', '5207bb36a81499131383c996d7e446e4cda337db362ceb0a84a8d34af945f79ed88b8bcfa517c125da513f9ba168a74952702753dad21f29cc81d22f16b58c52', '2025-04-18 10:41:27', '2025-04-11 10:41:27'),
(222, 49, 'eyJhbGciOiJIUzI1NiIsInR5cCI6IkpXVCJ9.eyJpZCI6NDksInVzZXJuYW1lIjoiTWFuYWdlciA0LjAiLCJyb2xlIjoibWFuYWdlciIsImlhdCI6MTc0NDM0MzQyMSwiZXhwIjoxNzQ0NDI5ODIxfQ.zdEs-onTrMLBpNXUVeem7Lt_zIV7d1mMzrr7c3e8_-0', 'fef536e4402be3d95bfc83dca3cce00aa742c21d2d1d4af68857d49d25971770552d45cc071357f520915533325df534ac9556461f608d7078ad999eaa9b6e5d', '2025-04-18 10:50:21', '2025-04-11 10:50:21'),
(223, 49, 'eyJhbGciOiJIUzI1NiIsInR5cCI6IkpXVCJ9.eyJpZCI6NDksInVzZXJuYW1lIjoiTWFuYWdlciA0LjAiLCJyb2xlIjoibWFuYWdlciIsImlhdCI6MTc0NDM0MzgyMSwiZXhwIjoxNzQ0NDMwMjIxfQ.LRtegI3A4mkoEhrd6WDsrv7rVd0pCcHAdqQiQMRQ8DI', '0a5f793b06897c3e988e7cb3eff504ba44ad18580e4532d4590afab0bb521d6e744d72bf2d357c9061ac582cd2e28a4befee52bf585cfb56ea6b5cd7a0bccda4', '2025-04-18 10:57:01', '2025-04-11 10:57:01'),
(224, 49, 'eyJhbGciOiJIUzI1NiIsInR5cCI6IkpXVCJ9.eyJpZCI6NDksInVzZXJuYW1lIjoiTWFuYWdlciA0LjAiLCJyb2xlIjoibWFuYWdlciIsImlhdCI6MTc0NDM0NDM0NSwiZXhwIjoxNzQ0NDMwNzQ1fQ.XuNrBmEijRo7mc4aBvxZX96cDdTAACB1AXE3jmdKBoE', '5333e612c7fe1593816b2396f7695b1f43977f18ffed1ccf92763752a8a5240fe198b5553982e69eed1d98277955f8d407e6f59e815309288da1564ff7dcd99b', '2025-04-18 11:05:45', '2025-04-11 11:05:45'),
(225, 49, 'eyJhbGciOiJIUzI1NiIsInR5cCI6IkpXVCJ9.eyJpZCI6NDksInVzZXJuYW1lIjoiTWFuYWdlciA0LjAiLCJyb2xlIjoibWFuYWdlciIsImlhdCI6MTc0NDM0NDc1MywiZXhwIjoxNzQ0NDMxMTUzfQ.0pwjrUUbw-Tz7SBrJ3dEjl63k9yGtdZJAZQAJgFeopM', '7c9a341b08707fff13282030bd25b701adb3bee63e9b0a54783196a05b6fc99bdc4fd6032dd9a91043613c759d27e99fb99678fb0e0d2d0f89354b586d6cf7e5', '2025-04-18 11:12:33', '2025-04-11 11:12:33'),
(226, 47, 'eyJhbGciOiJIUzI1NiIsInR5cCI6IkpXVCJ9.eyJpZCI6NDcsInVzZXJuYW1lIjoiVmVyaWZpZXIgNC4wIiwicm9sZSI6InZlcmlmaWVyIiwiaWF0IjoxNzQ0MzQ0ODc1LCJleHAiOjE3NDQ0MzEyNzV9.Rzp1ceDqADBzhnEmdp4OtnKyK1y_lYBmS8rf5K56aiM', '5220ba4dadef473b2586dcd08844a3438bfc165b681ae30524aaa1d6d22caeaf54a683a1524ac7ef0b5d23983e614f4e60ed082397b0a45b925b4488e10e621d', '2025-04-18 11:14:35', '2025-04-11 11:14:35'),
(227, 53, 'eyJhbGciOiJIUzI1NiIsInR5cCI6IkpXVCJ9.eyJpZCI6NTMsInVzZXJuYW1lIjoiMjAwMTIwNzE4NCIsInJvbGUiOiJzdHVkZW50IiwiaWF0IjoxNzQ0MzQ0OTYxLCJleHAiOjE3NDQ0MzEzNjF9.2Vidakhon-OoLX-soRAiNX1tuNAGzG9zJR0AeL5R_5E', '55657c48b5793f994fe204dcb11ee77b6f0587102b7e8495002857c76907277cf671d4070288aef6316a1cd2101ba0869f0daa186bdeff5cbbf10883e2eed260', '2025-04-18 11:16:01', '2025-04-11 11:16:01'),
(228, 49, 'eyJhbGciOiJIUzI1NiIsInR5cCI6IkpXVCJ9.eyJpZCI6NDksInVzZXJuYW1lIjoiTWFuYWdlciA0LjAiLCJyb2xlIjoibWFuYWdlciIsImlhdCI6MTc0NDY5ODcyMiwiZXhwIjoxNzQ0Nzg1MTIyfQ.-MHGltO4Wethy1KGpZpeQ4OxGgwhb3p566AyzJTo4Nk', '4509af1bf4db873265d4daa449243c442e9390a4631d9a01af1b774505fe757edb76ce44c53a2d63b2197eecab8f06b75baabbdd0f174e1da1b18a27b3351f3b', '2025-04-22 13:32:02', '2025-04-15 13:32:02'),
(229, 49, 'eyJhbGciOiJIUzI1NiIsInR5cCI6IkpXVCJ9.eyJpZCI6NDksInVzZXJuYW1lIjoiTWFuYWdlciA0LjAiLCJyb2xlIjoibWFuYWdlciIsImlhdCI6MTc0NDY5OTAxMiwiZXhwIjoxNzQ0Nzg1NDEyfQ.sUVwH_qRJxVnm0l7-UfJziwKOWdC0I5_qbMnLjFe71k', '22903dd449ff8c37663a2c7b4fca6a23a7ca5b27ca81feeb6cb7bbbfd1116211f61506a0657da55f351c54fb099baae4c4e1df7b1fe6dda06aef7f7c16cc43d1', '2025-04-22 13:36:52', '2025-04-15 13:36:52'),
(230, 49, 'eyJhbGciOiJIUzI1NiIsInR5cCI6IkpXVCJ9.eyJpZCI6NDksInVzZXJuYW1lIjoiTWFuYWdlciA0LjAiLCJyb2xlIjoibWFuYWdlciIsImlhdCI6MTc0NDY5OTMzNywiZXhwIjoxNzQ0Nzg1NzM3fQ.9Y_N7HIsVVrPhID0p7VzHIJV_4K_Z6r1s77Rfd8z-vI', 'd842faf9c3a008ca200498266518821cc92f6c1d8d60391b9f590f55d68c8ea30e72327fd16a6b749af4b2858468b343c1ff5ba0c0297e62af1384ef0f64d363', '2025-04-22 13:42:17', '2025-04-15 13:42:17'),
(231, 49, 'eyJhbGciOiJIUzI1NiIsInR5cCI6IkpXVCJ9.eyJpZCI6NDksInVzZXJuYW1lIjoiTWFuYWdlciA0LjAiLCJyb2xlIjoibWFuYWdlciIsImlhdCI6MTc0NDY5OTQ5MCwiZXhwIjoxNzQ0Nzg1ODkwfQ.Sevu8GyMsXVqjMb-U385ELZokCbaR4ssJ6NHDb46S0I', '7fedd6a1ade49c7c03e473f99eebddd327bc3d24e0769ae4ca258e1277030fd3f33a8287799750f6f2608ae0e4a633f10f6a8f903a328bd1b722bbe94b19501d', '2025-04-22 13:44:50', '2025-04-15 13:44:50'),
(232, 49, 'eyJhbGciOiJIUzI1NiIsInR5cCI6IkpXVCJ9.eyJpZCI6NDksInVzZXJuYW1lIjoiTWFuYWdlciA0LjAiLCJyb2xlIjoibWFuYWdlciIsImlhdCI6MTc0NDcwMzU5MywiZXhwIjoxNzQ0Nzg5OTkzfQ.GTnln2jsGLeg5_X7MuRwWzGTgcQCMOe1sltKSP8qe_w', '14b4f895d1d69e4a7a89e9d56c80dd7d0bea123ba8b8e0f43a6f2d821573e057c81716ce49ddd03ccae95315b6886d2ca11e67dee421a1a2c109c2b716ea149c', '2025-04-22 14:53:13', '2025-04-15 14:53:13'),
(233, 49, 'eyJhbGciOiJIUzI1NiIsInR5cCI6IkpXVCJ9.eyJpZCI6NDksInVzZXJuYW1lIjoiTWFuYWdlciA0LjAiLCJyb2xlIjoibWFuYWdlciIsImlhdCI6MTc0NDcwMzkxNywiZXhwIjoxNzQ0NzkwMzE3fQ.DfB4UKSx4H7j0LnX4ipowW2VcQcasIMIz1vpTRhki7U', 'ff9b53920680adb6cddcfa62a7e329c503a8bd273d511c2803a32d49385f42da2f450f309db278ba31148339cbca072efd060eabf39b9f10e52a5e000aa280b1', '2025-04-22 14:58:37', '2025-04-15 14:58:37'),
(234, 49, 'eyJhbGciOiJIUzI1NiIsInR5cCI6IkpXVCJ9.eyJpZCI6NDksInVzZXJuYW1lIjoiTWFuYWdlciA0LjAiLCJyb2xlIjoibWFuYWdlciIsImlhdCI6MTc0NDcwNDYzMiwiZXhwIjoxNzQ0NzkxMDMyfQ.B1F1AKHpAX9gEU9DwdIKsWTVC70_a4MWZY2Lp3xWAwU', 'b8ba08434899641bb05a31cb58db85e07fb83c87e868e5898634495a1da4b9cfa93839ab12b5e2ff11bf84049fd3e9a288ee7f150d7d1b8218546a0308e04909', '2025-04-22 15:10:32', '2025-04-15 15:10:32'),
(235, 49, 'eyJhbGciOiJIUzI1NiIsInR5cCI6IkpXVCJ9.eyJpZCI6NDksInVzZXJuYW1lIjoiTWFuYWdlciA0LjAiLCJyb2xlIjoibWFuYWdlciIsImlhdCI6MTc0NDcwNDk5OCwiZXhwIjoxNzQ0NzkxMzk4fQ.wUGCzIvcC1xgJrR-Y5PUj-THL6UHJApPHgssJWwatBk', 'de5b56356e76c2b971bf66f23620c50b39aee56f61352d09d1c24499be2a98a19cba9f2f85b3dbdc93f00d3f4034d855bf9bba051f6ccf86624f3fbddda037e2', '2025-04-22 15:16:38', '2025-04-15 15:16:38'),
(236, 49, 'eyJhbGciOiJIUzI1NiIsInR5cCI6IkpXVCJ9.eyJpZCI6NDksInVzZXJuYW1lIjoiTWFuYWdlciA0LjAiLCJyb2xlIjoibWFuYWdlciIsImlhdCI6MTc0NDcwNTE1MywiZXhwIjoxNzQ0NzkxNTUzfQ.Gnk0UsmDGVuRmw6_kNlV6cPp5g7GE2MJWJKAMRvowyM', '5d6c8c86af59e281e7e54d5b766220ebe4b5554098c2530001f30bf0e80a263cb406b541608ab3b4f47f013a09b3b3422c2a2192eb1eccf6d0db8c80b9db4502', '2025-04-22 15:19:13', '2025-04-15 15:19:13'),
(237, 49, 'eyJhbGciOiJIUzI1NiIsInR5cCI6IkpXVCJ9.eyJpZCI6NDksInVzZXJuYW1lIjoiTWFuYWdlciA0LjAiLCJyb2xlIjoibWFuYWdlciIsImlhdCI6MTc0NDcwNTk0MywiZXhwIjoxNzQ0NzkyMzQzfQ.b73yGtBfnIQ3MsCnthZBZtQAjjVzZtygp8QOqgV9qwc', '4924d363b46fa9944cc6793e130e066b1e4cf75e8852067b6f066e18dfb9af637404737f45cf49b33d4b90ba359f252eeaafee58dfc61fa8d5de0c136b5a83fd', '2025-04-22 15:32:23', '2025-04-15 15:32:23'),
(238, 49, 'eyJhbGciOiJIUzI1NiIsInR5cCI6IkpXVCJ9.eyJpZCI6NDksInVzZXJuYW1lIjoiTWFuYWdlciA0LjAiLCJyb2xlIjoibWFuYWdlciIsImlhdCI6MTc0NDcwNjQ3NSwiZXhwIjoxNzQ0NzkyODc1fQ.sJBb-U6o7HriS_d5nbCQ9isLrYCJHXCoRONbERoQKt0', 'd87e06cdb7e96083076880edca8324a56c745d6abfc3e1e9b70bcf3c5edc86abc30d5380ee49c1767a4196ec4be2fa9f8abe253eff31b55b54b551fef75f0d06', '2025-04-22 15:41:15', '2025-04-15 15:41:15'),
(239, 49, 'eyJhbGciOiJIUzI1NiIsInR5cCI6IkpXVCJ9.eyJpZCI6NDksInVzZXJuYW1lIjoiTWFuYWdlciA0LjAiLCJyb2xlIjoibWFuYWdlciIsImlhdCI6MTc0NDcwNzAyNCwiZXhwIjoxNzQ0NzkzNDI0fQ.wPBIiQEdVm8DGTiKCICpEYEA80JNiZWkJQxOQZtDgUQ', 'd2ca77997df7c9e4b07f4b3fec4a0cf4995c7af53edfbcca2d2bc5b96c87f575eba05c85ad8293e3a09fddd3dd405cde68cc3c74631af784df3a6d754f18a6c1', '2025-04-22 15:50:24', '2025-04-15 15:50:24'),
(240, 49, 'eyJhbGciOiJIUzI1NiIsInR5cCI6IkpXVCJ9.eyJpZCI6NDksInVzZXJuYW1lIjoiTWFuYWdlciA0LjAiLCJyb2xlIjoibWFuYWdlciIsImlhdCI6MTc0NDcwNzI4MiwiZXhwIjoxNzQ0NzkzNjgyfQ.jkDghJ3J-529zmx6ppWc-diEHb3DlHd2z5VnPqcd0Qs', '5c84091c4ff64fd793554dffc4a56795022873467bebc51d1b6f50c6baac52ad28cbe68157ebf46ad331a00e409e20dcea51ebe5ea7d7f13e7b6090ee5037b31', '2025-04-22 15:54:42', '2025-04-15 15:54:42'),
(241, 49, 'eyJhbGciOiJIUzI1NiIsInR5cCI6IkpXVCJ9.eyJpZCI6NDksInVzZXJuYW1lIjoiTWFuYWdlciA0LjAiLCJyb2xlIjoibWFuYWdlciIsImlhdCI6MTc0NDcwODAyNCwiZXhwIjoxNzQ0Nzk0NDI0fQ.IqhrajXGTElm5BoGy16Kh7n5_qMkjOmCT2QYKQQPUUQ', '71b8018ca0e37b26e529ffdb236ce077a6fb8a0f39e34e915a32cc1164f47d615c1761c81c800a4f2bb9f00fe74545b92c2e0fdde895d8630b82e01613c48197', '2025-04-22 16:07:04', '2025-04-15 16:07:04'),
(242, 49, 'eyJhbGciOiJIUzI1NiIsInR5cCI6IkpXVCJ9.eyJpZCI6NDksInVzZXJuYW1lIjoiTWFuYWdlciA0LjAiLCJyb2xlIjoibWFuYWdlciIsImlhdCI6MTc0NDcwODIyMSwiZXhwIjoxNzQ0Nzk0NjIxfQ.Vd2SsiE7Rwy4Vy7eLYGc7UuqSErC6xXDkTrQQ2RV5-Y', '0480e5dc95f53b6bb9bf1df85fa9017cd1933f6f67d792ce991b87a8c4aec4f1ebe5f9c87cb775521f14e9759a98d1bba944b46d8623c8a1d4d8806829a163e8', '2025-04-22 16:10:21', '2025-04-15 16:10:21'),
(243, 49, 'eyJhbGciOiJIUzI1NiIsInR5cCI6IkpXVCJ9.eyJpZCI6NDksInVzZXJuYW1lIjoiTWFuYWdlciA0LjAiLCJyb2xlIjoibWFuYWdlciIsImlhdCI6MTc0NDcwODQzMiwiZXhwIjoxNzQ0Nzk0ODMyfQ.QAe95jjILdekP5ZvCzVRd0KMyUBD4u0c3xiKNMRPHpg', '870a1b98efc71bb99dae717e3e78dc65541d5ee843516eed208ba28b4ec3bb20c12600798f10194f4fde85d4f7510936ddbfecf3e7d2d32ec37ed28eddea3081', '2025-04-22 16:13:52', '2025-04-15 16:13:52'),
(244, 49, 'eyJhbGciOiJIUzI1NiIsInR5cCI6IkpXVCJ9.eyJpZCI6NDksInVzZXJuYW1lIjoiTWFuYWdlciA0LjAiLCJyb2xlIjoibWFuYWdlciIsImlhdCI6MTc0NDcwODgxMiwiZXhwIjoxNzQ0Nzk1MjEyfQ.37tma99dQbjKlF8hKfVPQyJg7euYwDZPefTCrpQUTKs', '635a0c31d071c36c95ee3b484cdb3319efb23fd1e6a018783ef02c7bb6ee7b385bc5dbb83a21b78d10947d83f4709b17edff6fc01195eaa68425994aefcf361f', '2025-04-22 16:20:12', '2025-04-15 16:20:12'),
(245, 49, 'eyJhbGciOiJIUzI1NiIsInR5cCI6IkpXVCJ9.eyJpZCI6NDksInVzZXJuYW1lIjoiTWFuYWdlciA0LjAiLCJyb2xlIjoibWFuYWdlciIsImlhdCI6MTc0NDcwOTE2OCwiZXhwIjoxNzQ0Nzk1NTY4fQ.pkCjid18BsDvq67b-Rp7mf6LIbC_s8JRSE7sG1CU5e8', '480a3ca0c93b0173ebe7321ebdcf1111a80bd8f17db1e04a612e44749d5f3507c5ea16ccf621fa15b936692f1cca7a3d3a259b4670d1ef32570e43f32342c8a5', '2025-04-22 16:26:08', '2025-04-15 16:26:08'),
(246, 49, 'eyJhbGciOiJIUzI1NiIsInR5cCI6IkpXVCJ9.eyJpZCI6NDksInVzZXJuYW1lIjoiTWFuYWdlciA0LjAiLCJyb2xlIjoibWFuYWdlciIsImlhdCI6MTc0NDcwOTIzMywiZXhwIjoxNzQ0Nzk1NjMzfQ.uljaJPK-YS3lpcVjZN4w2-k9vWYnmJyDK2fQVFHpco0', 'bd9625fcf8891f63162ec2e15d7156d2f1876a7bfaa00695ebedfcaaac8fdf49bc57ee9fa7710007eb84b3ae1e80deb2836bd7bb12fd59c8c24edd6e302a6e81', '2025-04-22 16:27:13', '2025-04-15 16:27:13'),
(247, 49, 'eyJhbGciOiJIUzI1NiIsInR5cCI6IkpXVCJ9.eyJpZCI6NDksInVzZXJuYW1lIjoiTWFuYWdlciA0LjAiLCJyb2xlIjoibWFuYWdlciIsImlhdCI6MTc0NDcwOTUwOSwiZXhwIjoxNzQ0Nzk1OTA5fQ.d1pnNUAxnubVsmYCZlbtJmpmxlqxnE3Hq_5rvDhLDhc', 'a21b0bed85013be3e3b6a9a198c3526260bb1da37beab4131014a965cb932e00cfc9719a002e096cd0731695fdbbf8f0e5045f0868c6d066ef22c97b622dc62a', '2025-04-22 16:31:49', '2025-04-15 16:31:49'),
(248, 49, 'eyJhbGciOiJIUzI1NiIsInR5cCI6IkpXVCJ9.eyJpZCI6NDksInVzZXJuYW1lIjoiTWFuYWdlciA0LjAiLCJyb2xlIjoibWFuYWdlciIsImlhdCI6MTc0NDc3MjcwNiwiZXhwIjoxNzQ0ODU5MTA2fQ.H8GrLmT8f60Y5khX7g9byVR9-zkCeb630bQa6FlMtoA', 'e89c3a2e60e81b665799e40a6bc121abef48a9b481b78b415ee316a57cf7cb0ae9782fbfe52d6355145a2f41111b80891ed538881d904e041c742ce9597349b9', '2025-04-23 10:05:06', '2025-04-16 10:05:06'),
(249, 49, 'eyJhbGciOiJIUzI1NiIsInR5cCI6IkpXVCJ9.eyJpZCI6NDksInVzZXJuYW1lIjoiTWFuYWdlciA0LjAiLCJyb2xlIjoibWFuYWdlciIsImlhdCI6MTc0NDc3MzA3OCwiZXhwIjoxNzQ0ODU5NDc4fQ.Jz2gyzAlMC4P7D3jEPcX1hgJVJYnSJVNrtW73aEJUdQ', 'd29249664a5a0cc7c4be58192af02810e1fcc333688c6cf2719d39c550277373935316e382066203340a8c37f2e36823af65a0b2d0be636936c67647d686c377', '2025-04-23 10:11:18', '2025-04-16 10:11:18'),
(250, 47, 'eyJhbGciOiJIUzI1NiIsInR5cCI6IkpXVCJ9.eyJpZCI6NDcsInVzZXJuYW1lIjoiVmVyaWZpZXIgNC4wIiwicm9sZSI6InZlcmlmaWVyIiwiaWF0IjoxNzQ0NzczMjc2LCJleHAiOjE3NDQ4NTk2NzZ9.2maaDLUFa4SrEGAFWDdETk79dLOxA7tfA8qMwGORpsQ', '8101d141073b87c89df4a66759bdc970de7cc1219eb02b6bd9ce3d43c6fcf660b01a745cd539a5d5ca4eb6768d2f93309c0602dcb92b6095db691200345e8236', '2025-04-23 10:14:36', '2025-04-16 10:14:36'),
(251, 50, 'eyJhbGciOiJIUzI1NiIsInR5cCI6IkpXVCJ9.eyJpZCI6NTAsInVzZXJuYW1lIjoiMjAwMTIxMDI0MCIsInJvbGUiOiJzdHVkZW50IiwiaWF0IjoxNzQ0NzczMzM5LCJleHAiOjE3NDQ4NTk3Mzl9.PG4JL5WfsEV60MUBruTnOzpuNAerwIyrIM9M9cLVE_4', '33caab43b30f7daa43e50d7f52bfb9af82b4159f506c83293f7fdd0d0ce206ec3712e27dc565ebfe8d2db2713ae1d09727a059eecff2ece8b890e9c3cddd6c69', '2025-04-23 10:15:39', '2025-04-16 10:15:39'),
(252, 49, 'eyJhbGciOiJIUzI1NiIsInR5cCI6IkpXVCJ9.eyJpZCI6NDksInVzZXJuYW1lIjoiTWFuYWdlciA0LjAiLCJyb2xlIjoibWFuYWdlciIsImlhdCI6MTc0NDc3MzUyNCwiZXhwIjoxNzQ0ODU5OTI0fQ.tqBldMpfrHauyJQZ1P0ERCyYQZMquXOajDeelUd5jSA', '3abf5804d67c1faf3c84d0a0a64a46ef6978360de641e0b9e4fd7f9c0a0c7768b9d95cd89b898059d7390be46da423d91270d891506682d295c321758680aeee', '2025-04-23 10:18:44', '2025-04-16 10:18:44'),
(253, 49, 'eyJhbGciOiJIUzI1NiIsInR5cCI6IkpXVCJ9.eyJpZCI6NDksInVzZXJuYW1lIjoiTWFuYWdlciA0LjAiLCJyb2xlIjoibWFuYWdlciIsImlhdCI6MTc0NDc3Mzc1NiwiZXhwIjoxNzQ0ODYwMTU2fQ.-XR2I6CXNc5TuHVhUG5U_1zOk_kxXBsf8_uQy_-cSC8', '2fbff4b4d40180fdcb9b8cbc7e05e41db92423f33eb9bacaeb4dd490f7a646daa29a63b4073be830ef7dad5ecff4c5ac4f9a216819129381e12e7f488b0c177d', '2025-04-23 10:22:36', '2025-04-16 10:22:36'),
(254, 49, 'eyJhbGciOiJIUzI1NiIsInR5cCI6IkpXVCJ9.eyJpZCI6NDksInVzZXJuYW1lIjoiTWFuYWdlciA0LjAiLCJyb2xlIjoibWFuYWdlciIsImlhdCI6MTc0NDc3Mzg4MCwiZXhwIjoxNzQ0ODYwMjgwfQ.j-9Jhecs-ZBGdanjVgHNgJ9gzDXGyVm0yI_BaoqOi-w', 'f868ad08897ccc05d5d14f8c3f5de801ffbf7b9e88f221b908a5c28b36ea1c041b666db6c0fed356ae4af64fa8d4d1f6643450f9e8d99ff04d57f9aae09a7c14', '2025-04-23 10:24:40', '2025-04-16 10:24:40'),
(255, 51, 'eyJhbGciOiJIUzI1NiIsInR5cCI6IkpXVCJ9.eyJpZCI6NTEsInVzZXJuYW1lIjoiMjAwMTIxNTc4MSIsInJvbGUiOiJzdHVkZW50IiwiaWF0IjoxNzQ0NzczOTQ1LCJleHAiOjE3NDQ4NjAzNDV9.IJi-3np20v9Pam9b5xPO17I3SwzCyQJUH3mJVVxcOzg', '73f93929ead4ce4f044d5570097800414a1fb96e33885cc541d1413b49003f08534e06ed6e7704f5cf6eaab4f2be38623d9e0721e1b58e9e4180c315c77347f5', '2025-04-23 10:25:45', '2025-04-16 10:25:45'),
(256, 51, 'eyJhbGciOiJIUzI1NiIsInR5cCI6IkpXVCJ9.eyJpZCI6NTEsInVzZXJuYW1lIjoiMjAwMTIxNTc4MSIsInJvbGUiOiJzdHVkZW50IiwiaWF0IjoxNzQ0Nzc0Nzg5LCJleHAiOjE3NDQ4NjExODl9.d9Mv2jM1uuVu00zrA3Mq0csCwwnvNxbfeg-JkcAs-aE', 'd8947cee1ae7fcca930829f8f9111b59310847d73f149e0cf6ee63e6c1bd2c5695d0a18d587c6132512986e6fc509ac79d1792d400e9a8376c5456d763da1c0c', '2025-04-23 10:39:49', '2025-04-16 10:39:49'),
(257, 47, 'eyJhbGciOiJIUzI1NiIsInR5cCI6IkpXVCJ9.eyJpZCI6NDcsInVzZXJuYW1lIjoiVmVyaWZpZXIgNC4wIiwicm9sZSI6InZlcmlmaWVyIiwiaWF0IjoxNzQ0Nzc0ODE0LCJleHAiOjE3NDQ4NjEyMTR9.2MWNSbR7oeoDaf0A1teVl3wsgInV3LIBkK20Mml63kY', '2512f8fc6de6064f788bd621245e272e9accd4bc72136d51f63353402723dbb33bb521335e7414dade82056efa1adad1838e1ad825ecb983f34951d210f98fb4', '2025-04-23 10:40:14', '2025-04-16 10:40:14'),
(258, 51, 'eyJhbGciOiJIUzI1NiIsInR5cCI6IkpXVCJ9.eyJpZCI6NTEsInVzZXJuYW1lIjoiMjAwMTIxNTc4MSIsInJvbGUiOiJzdHVkZW50IiwiaWF0IjoxNzQ0Nzc0ODQxLCJleHAiOjE3NDQ4NjEyNDF9.0wcHaW4Iv4zGfWUtMnKmRK4-tUrLmZ8ml-56xBXGXwI', '254dd9112a9c3681a9bbe0464b5944a1bc361684a02d5ba7d50f28b0a71781bdca78ef71edee87344b2f6fa755023ff22b40e935b47ee175bd5b68975bbded1f', '2025-04-23 10:40:41', '2025-04-16 10:40:41'),
(259, 49, 'eyJhbGciOiJIUzI1NiIsInR5cCI6IkpXVCJ9.eyJpZCI6NDksInVzZXJuYW1lIjoiTWFuYWdlciA0LjAiLCJyb2xlIjoibWFuYWdlciIsImlhdCI6MTc0NDc3NDg2OSwiZXhwIjoxNzQ0ODYxMjY5fQ.ZGjcYsnKk3yKbDly-5dkqOyBmJjwkQzg3c9f0RsEuUc', '5817d961042756b8a6dffeaee9a5daaf71aab944c7867bfe64ac89bd7c9b4550070971a0800ef3b127b89f1dee81d686f8efbdeb64d239666302db3738402fb3', '2025-04-23 10:41:09', '2025-04-16 10:41:09'),
(260, 49, 'eyJhbGciOiJIUzI1NiIsInR5cCI6IkpXVCJ9.eyJpZCI6NDksInVzZXJuYW1lIjoiTWFuYWdlciA0LjAiLCJyb2xlIjoibWFuYWdlciIsImlhdCI6MTc0NDc3NTAxNSwiZXhwIjoxNzQ0ODYxNDE1fQ.DyhsZHs0eQQu3kYzuUsC81aN3TGYHm9G9AUMDuAq1eY', 'caf7187bdbc9b888ebd5a16a7a0e3b1e5a704c2ddac2ba81b6cebdb228accf8b83827302103eb9d8d9e1c115eeb0cc664b65e020e59ab8b1529bd59dd640f4b9', '2025-04-23 10:43:35', '2025-04-16 10:43:35'),
(261, 49, 'eyJhbGciOiJIUzI1NiIsInR5cCI6IkpXVCJ9.eyJpZCI6NDksInVzZXJuYW1lIjoiTWFuYWdlciA0LjAiLCJyb2xlIjoibWFuYWdlciIsImlhdCI6MTc0NDc3NTcxMiwiZXhwIjoxNzQ0ODYyMTEyfQ.yF2uLlpsrKErncNvD1TVzC7Mo53sm92FA_y6EZ3Z5po', '9ca10f55df12765ac3e60072c6750a58a18bc3976540777baba018dc74eb0c9d64d8df40bf5a484e562830a4be331329ccb8feaaae0924bbe645bf1a3e9401d2', '2025-04-23 10:55:12', '2025-04-16 10:55:12'),
(262, 49, 'eyJhbGciOiJIUzI1NiIsInR5cCI6IkpXVCJ9.eyJpZCI6NDksInVzZXJuYW1lIjoiTWFuYWdlciA0LjAiLCJyb2xlIjoibWFuYWdlciIsImlhdCI6MTc0NDc3NTgxNCwiZXhwIjoxNzQ0ODYyMjE0fQ.8raO1zDQUSgu2laOeu6750XKYMH4QGywJ1PeqZ6MXoM', 'd8d5e825e317c2e3c1ad3d54d61a53003e7a3d98c4b2ad772bc55cc490c754e97dc07a3be17019f8b0adfdece8e3b35ed7a58df1501195882d657a0006de8fb8', '2025-04-23 10:56:54', '2025-04-16 10:56:54'),
(263, 47, 'eyJhbGciOiJIUzI1NiIsInR5cCI6IkpXVCJ9.eyJpZCI6NDcsInVzZXJuYW1lIjoiVmVyaWZpZXIgNC4wIiwicm9sZSI6InZlcmlmaWVyIiwiaWF0IjoxNzQ0Nzc1ODQ2LCJleHAiOjE3NDQ4NjIyNDZ9.vjw0kVsT5pBWo6Co2PusKK0pB3FeaWdtWB3OAWAXOjs', '18c25c738dfa860de95ccd14aee562c3f5644cf03eeedc7fe13029a38bf17079b5cac3b2846e707129f89ff149c3dffde1b6f75fe2dbdf738fd2bcf599f912f1', '2025-04-23 10:57:26', '2025-04-16 10:57:26'),
(264, 49, 'eyJhbGciOiJIUzI1NiIsInR5cCI6IkpXVCJ9.eyJpZCI6NDksInVzZXJuYW1lIjoiTWFuYWdlciA0LjAiLCJyb2xlIjoibWFuYWdlciIsImlhdCI6MTc0NDc3NjU4MCwiZXhwIjoxNzQ0ODYyOTgwfQ.1iAfjxkVv6TVntlze6bjuzs2bBU0Ek2gnVzpV8TAiWI', '2f0e921d81409594b824beb319ea0742f036c01b9be42d7ac409fd6bacacc123ea9d4d05e77c7d898b8212caaab81a8841cc2d97b52b8484ab83b2e660045bd6', '2025-04-23 11:09:40', '2025-04-16 11:09:40'),
(265, 49, 'eyJhbGciOiJIUzI1NiIsInR5cCI6IkpXVCJ9.eyJpZCI6NDksInVzZXJuYW1lIjoiTWFuYWdlciA0LjAiLCJyb2xlIjoibWFuYWdlciIsImlhdCI6MTc0NDc3NzYyOCwiZXhwIjoxNzQ0ODY0MDI4fQ.0w3jXUTPXWJXDJidhRIWF9BY5--rt9Etui92pfMjTk8', '2e0011cf89520300c60181604a49938c5e7ffbad4e7c49660df63eeae15753b336e41d7fcb097b77017dcc575e97650fff12427bf4c1e49bc901f9603e0cc288', '2025-04-23 11:27:08', '2025-04-16 11:27:08'),
(266, 49, 'eyJhbGciOiJIUzI1NiIsInR5cCI6IkpXVCJ9.eyJpZCI6NDksInVzZXJuYW1lIjoiTWFuYWdlciA0LjAiLCJyb2xlIjoibWFuYWdlciIsImlhdCI6MTc0NDc4NzkwMCwiZXhwIjoxNzQ0ODc0MzAwfQ.qKaCOAYaRNcFEkTy7NsPdKoEm5tuyljLonBkvs9a7uw', '4149454c71bcc16dd98b9c33107344b8b8070e52140d6b35f498377daa99877755973be81253c80422aae57e2fbaa1ed2fd035f86681d821434bea0e54c1d279', '2025-04-23 14:18:20', '2025-04-16 14:18:20'),
(267, 49, 'eyJhbGciOiJIUzI1NiIsInR5cCI6IkpXVCJ9.eyJpZCI6NDksInVzZXJuYW1lIjoiTWFuYWdlciA0LjAiLCJyb2xlIjoibWFuYWdlciIsImlhdCI6MTc0NDg1NTk2MiwiZXhwIjoxNzQ0OTQyMzYyfQ.BdcCyqdoPgnK-mFkSz4p346Sx2b4E04BCUqxm247tic', '10741aa13ac4f21b456787ca46fd3eb4369b3119f15e27ce805aad2e4fe54869d917113e603b5e88d2ab85e3a0e1db341015615d728e52dd1f985b867cb50c4f', '2025-04-24 09:12:42', '2025-04-17 09:12:42'),
(268, 49, 'eyJhbGciOiJIUzI1NiIsInR5cCI6IkpXVCJ9.eyJpZCI6NDksInVzZXJuYW1lIjoiTWFuYWdlciA0LjAiLCJyb2xlIjoibWFuYWdlciIsImlhdCI6MTc0NDg1NjEzMSwiZXhwIjoxNzQ0OTQyNTMxfQ.OFcuPeVd0HkjUvk5aTcdgw3vc3ZijoV6IpjL_9oQyyo', 'a4c1d96865b69493a97c7f6c99723926cfe7325bb7de07b7844fad3bd6371f56d99a792f7643da5d9158f05c6fd7a6f4c737b33c5be0f00e89bdcc1f94c5a9c1', '2025-04-24 09:15:31', '2025-04-17 09:15:31'),
(269, 49, 'eyJhbGciOiJIUzI1NiIsInR5cCI6IkpXVCJ9.eyJpZCI6NDksInVzZXJuYW1lIjoiTWFuYWdlciA0LjAiLCJyb2xlIjoibWFuYWdlciIsImlhdCI6MTc0NDg1NzI1OCwiZXhwIjoxNzQ0OTQzNjU4fQ.0_BWB_wQt--z9EN1XpGVZT9gGu30zs7G80r1fZ0OnPM', '84ef439db6d8d22e6f42fbb5eec9149ecf87d2b3b91ebef6d14209304c8b642f4c55584e0d97847cbf02873796d7ce00357b772808b9431b0d1d913d72166399', '2025-04-24 09:34:18', '2025-04-17 09:34:18'),
(270, 49, 'eyJhbGciOiJIUzI1NiIsInR5cCI6IkpXVCJ9.eyJpZCI6NDksInVzZXJuYW1lIjoiTWFuYWdlciA0LjAiLCJyb2xlIjoibWFuYWdlciIsImlhdCI6MTc0NDg1ODM1NiwiZXhwIjoxNzQ0OTQ0NzU2fQ.gzSC8o8PGDsHFyfvLj4NbILH7yAZQKA5FfOp3hAYXbI', '979e6bf53c2f9177f202c8b8a75a8c43705f90370b7d4c3272cdfdd55b0d09585e38505b89f208f8a18a9e6adaa7aaa7ab716e7ae25293882486930756ae8f28', '2025-04-24 09:52:36', '2025-04-17 09:52:36'),
(271, 49, 'eyJhbGciOiJIUzI1NiIsInR5cCI6IkpXVCJ9.eyJpZCI6NDksInVzZXJuYW1lIjoiTWFuYWdlciA0LjAiLCJyb2xlIjoibWFuYWdlciIsImlhdCI6MTc0NDg1ODQ3MiwiZXhwIjoxNzQ0OTQ0ODcyfQ.BZ1liXOHd-F0PXdzt9U4OhWVVtLegr44FoD7357Va7g', 'ab77f21272a41454227f638781f8cabff9d8c38fe0cb96d2871d821e4ba0c8912ae047f58f198b00fc9472a0b791254213e9eceda8ca65af6a9f039cca5e3362', '2025-04-24 09:54:32', '2025-04-17 09:54:32'),
(272, 49, 'eyJhbGciOiJIUzI1NiIsInR5cCI6IkpXVCJ9.eyJpZCI6NDksInVzZXJuYW1lIjoiTWFuYWdlciA0LjAiLCJyb2xlIjoibWFuYWdlciIsImlhdCI6MTc0NDg1ODYyNywiZXhwIjoxNzQ0OTQ1MDI3fQ.cXtBSypwIoi96yl-g3-6kTcNcZFsMGXwortgs7yzS7o', 'fef70432e51414736d39fea02ec63a6a70f787e6baafd3838ba40ccc29b51545adedd58cadfd3e4b5ab95303b0bb9f8ce8b3704b1c02476fcd9d6b9e3fbbcc21', '2025-04-24 09:57:07', '2025-04-17 09:57:07'),
(273, 49, 'eyJhbGciOiJIUzI1NiIsInR5cCI6IkpXVCJ9.eyJpZCI6NDksInVzZXJuYW1lIjoiTWFuYWdlciA0LjAiLCJyb2xlIjoibWFuYWdlciIsImlhdCI6MTc0NDg1ODk1MCwiZXhwIjoxNzQ0OTQ1MzUwfQ.iMLwfSHcju_d0Cn75HvkLgAitrIVptThAi_OvXKzcho', 'f090dab2d08832e30d27a46bd5eeaa4a60bb9bf94631af588183dd2e32badf7427adfae8c4394a1b06c199e34c4b372789fa2915ff83e205698513f64feb5b3f', '2025-04-24 10:02:30', '2025-04-17 10:02:30'),
(274, 49, 'eyJhbGciOiJIUzI1NiIsInR5cCI6IkpXVCJ9.eyJpZCI6NDksInVzZXJuYW1lIjoiTWFuYWdlciA0LjAiLCJyb2xlIjoibWFuYWdlciIsImlhdCI6MTc0NDg2MTE0MiwiZXhwIjoxNzQ0OTQ3NTQyfQ.Xgy7zFryZNbwDcAmAxB5D2gAVWQwSwC1M22fgUDbl6M', '2047092517a18922305f4192aa448a632a45345c08ccd50db8fc4f429e8532bbda85d076166ca06485984309a361145929a3f1afd8febbbb4c15c412a9dd4e1f', '2025-04-24 10:39:02', '2025-04-17 10:39:02'),
(275, 49, 'eyJhbGciOiJIUzI1NiIsInR5cCI6IkpXVCJ9.eyJpZCI6NDksInVzZXJuYW1lIjoiTWFuYWdlciA0LjAiLCJyb2xlIjoibWFuYWdlciIsImlhdCI6MTc0NDg2MjAxMywiZXhwIjoxNzQ0OTQ4NDEzfQ.HcTYLMlCYG_slgJrBYW4TkzaQOdbUSklHItlYaWu7RE', 'b8dcab79ef479fee4cea1cdd06d62a4af060dff38587a7c9499fcddc028bf6b3ad7822d62a270474015371de6557ff3124b0bd15821b87aafb795542726c6084', '2025-04-24 10:53:33', '2025-04-17 10:53:33'),
(276, 49, 'eyJhbGciOiJIUzI1NiIsInR5cCI6IkpXVCJ9.eyJpZCI6NDksInVzZXJuYW1lIjoiTWFuYWdlciA0LjAiLCJyb2xlIjoibWFuYWdlciIsImlhdCI6MTc0NDg2MjI2NiwiZXhwIjoxNzQ0OTQ4NjY2fQ.BFX8xK_UBsCamxGgwrGYERGx_JeV6UAMluicQ5dOqmo', 'd61c774b2f5d0feccd47ad011cdf769afb8d07fc5fda8ff78fd36bcca601745108f3d0fb93672f9dfde7cd787b48410f73f245a1b5f6a80f915d4cddf2f33d83', '2025-04-24 10:57:46', '2025-04-17 10:57:46'),
(277, 49, 'eyJhbGciOiJIUzI1NiIsInR5cCI6IkpXVCJ9.eyJpZCI6NDksInVzZXJuYW1lIjoiTWFuYWdlciA0LjAiLCJyb2xlIjoibWFuYWdlciIsImlhdCI6MTc0NDg2Mjc0NywiZXhwIjoxNzQ0OTQ5MTQ3fQ.z06rsuAeHZZnxsd5KHUOA8pP_UtqbPJHc-2ca7ZDGQY', '3881aeb1f34eed2792af50cc353ed8e6b6f5db79dc0d6d8e75cd5819458ea577dee265f2d547ea9786706a6b502ec8049aac342f9f4ddd297cae26f69f3110a0', '2025-04-24 11:05:47', '2025-04-17 11:05:47'),
(278, 49, 'eyJhbGciOiJIUzI1NiIsInR5cCI6IkpXVCJ9.eyJpZCI6NDksInVzZXJuYW1lIjoiTWFuYWdlciA0LjAiLCJyb2xlIjoibWFuYWdlciIsImlhdCI6MTc0NDg2MjgyMSwiZXhwIjoxNzQ0OTQ5MjIxfQ.xgLez_v4qpOok_7wdMvGc9V7Z5Vyvc4lUbCXESZG4T0', '4aef4c2a676cdb48526a805d77ba14919326c4ccadfaf716c3b69b851cf853f93827e1a45040fb7a86426d92089c5c48576d702f3e32be7569e6cfb8c6fd2011', '2025-04-24 11:07:01', '2025-04-17 11:07:01'),
(279, 49, 'eyJhbGciOiJIUzI1NiIsInR5cCI6IkpXVCJ9.eyJpZCI6NDksInVzZXJuYW1lIjoiTWFuYWdlciA0LjAiLCJyb2xlIjoibWFuYWdlciIsImlhdCI6MTc0NDg2Mjg0MSwiZXhwIjoxNzQ0OTQ5MjQxfQ.CIz0rn7ui74Q_BnpT3PA80Lmow2B2ub6FzMoe2hjHWM', '6b824b30692114ce78101f07ed502f7e34ebbf9adef3af7adf78ac38f049f65d0b89f80fe7f6b92b1d78a32697d5265ce9309246400d51973803ea8c6f67839e', '2025-04-24 11:07:21', '2025-04-17 11:07:21'),
(280, 49, 'eyJhbGciOiJIUzI1NiIsInR5cCI6IkpXVCJ9.eyJpZCI6NDksInVzZXJuYW1lIjoiTWFuYWdlciA0LjAiLCJyb2xlIjoibWFuYWdlciIsImlhdCI6MTc0NDg2Mjg4NywiZXhwIjoxNzQ0OTQ5Mjg3fQ.pa5NUdOR7FR1dTjrtrG79-QFZ13Lydytsowv5w4_QWo', 'b6c0b9ee96ee543e555b92f073cd506b5de9674dadf57994b1fa502f651e340d318b276a89efba2f2077cd10542395925f93bfbc791e6ca58fe536190045f074', '2025-04-24 11:08:07', '2025-04-17 11:08:07'),
(281, 49, 'eyJhbGciOiJIUzI1NiIsInR5cCI6IkpXVCJ9.eyJpZCI6NDksInVzZXJuYW1lIjoiTWFuYWdlciA0LjAiLCJyb2xlIjoibWFuYWdlciIsImlhdCI6MTc0NDg2MzgyMiwiZXhwIjoxNzQ0OTUwMjIyfQ._zX39qBCzYkwRJHZ09JMF_pgh1i_niuwfztgNr7I2Co', '791bc11a7ab81de78f3f2008b3bd5db4443d424ccc093389af77da3e03abdd72f4762fba545d6482529fe5d1bd50bbde57c7e05b9832182353f5fe70bf4c2f95', '2025-04-24 11:23:42', '2025-04-17 11:23:42'),
(282, 49, 'eyJhbGciOiJIUzI1NiIsInR5cCI6IkpXVCJ9.eyJpZCI6NDksInVzZXJuYW1lIjoiTWFuYWdlciA0LjAiLCJyb2xlIjoibWFuYWdlciIsImlhdCI6MTc0NDg2Mzk4NiwiZXhwIjoxNzQ0OTUwMzg2fQ.2GZAH2GvXKq8Xh6Cr3Nc1f_eQT1lWvQjiFeTQorhxhY', '46d2b354133b50c682448efc03885d169748ad946c0ebf6e2399ced96f31c4c932f649726199ad0c596342db3d618206a36d974ce4c00283e256004315974e18', '2025-04-24 11:26:26', '2025-04-17 11:26:26'),
(283, 49, 'eyJhbGciOiJIUzI1NiIsInR5cCI6IkpXVCJ9.eyJpZCI6NDksInVzZXJuYW1lIjoiTWFuYWdlciA0LjAiLCJyb2xlIjoibWFuYWdlciIsImlhdCI6MTc0NDg2NDEwMSwiZXhwIjoxNzQ0OTUwNTAxfQ.o8xkQuIMCOGl7ps6l8waPaFJSzmoVIyZ3iFXP2Uozwo', '85648cce8e5aed19f28d7f60e6239df8f173ecf89c3ac528c2b4f7fac3740fc025f4e2e405dae81d887d60d2336c433c14419dfaab2eebc77000b98a8a4cfea6', '2025-04-24 11:28:21', '2025-04-17 11:28:21'),
(284, 49, 'eyJhbGciOiJIUzI1NiIsInR5cCI6IkpXVCJ9.eyJpZCI6NDksInVzZXJuYW1lIjoiTWFuYWdlciA0LjAiLCJyb2xlIjoibWFuYWdlciIsImlhdCI6MTc0NDg2NDI0MiwiZXhwIjoxNzQ0OTUwNjQyfQ.JHB_6TN9dzjoLbkR_jmacrMXVaxfXGgxBSvkTJdgECc', '43b32fe320bd4b1e58c6679db1cc81d88d9942a63ad5db596069d0b90b45c6e489bd8823befdc7b8f96074e51c930d32a966c47bda32cf152ecdeb6e55ae9a5f', '2025-04-24 11:30:42', '2025-04-17 11:30:42'),
(285, 49, 'eyJhbGciOiJIUzI1NiIsInR5cCI6IkpXVCJ9.eyJpZCI6NDksInVzZXJuYW1lIjoiTWFuYWdlciA0LjAiLCJyb2xlIjoibWFuYWdlciIsImlhdCI6MTc0NDg2NDM2MywiZXhwIjoxNzQ0OTUwNzYzfQ.TU52YYAqrP1IxNgMdMcU0k8KS-BUq8w_F-kbecePPHE', 'bf66a638a9cb3ffa9b1cca3a3759d1ec59082182e70cadd2b52fb619b47a36c6343557c1fb28ad984d3b8205b3224e9f6cadbeb683ff04e3b55d616dff94aab9', '2025-04-24 11:32:43', '2025-04-17 11:32:43'),
(286, 49, 'eyJhbGciOiJIUzI1NiIsInR5cCI6IkpXVCJ9.eyJpZCI6NDksInVzZXJuYW1lIjoiTWFuYWdlciA0LjAiLCJyb2xlIjoibWFuYWdlciIsImlhdCI6MTc0NDg2NDY1NSwiZXhwIjoxNzQ0OTUxMDU1fQ.pbNwRhCaGrB-jkXIDpLlRK54M0QZDRvcIz9bqzdVx4o', 'fb932f2b3e11e3d7f3f3e887e4b0dd023423f5cb3cbdd636124250a3385f8111070676e7af9aa99c8d04f064e0d3171343d3a64afbbce46555c25af2f382228c', '2025-04-24 11:37:35', '2025-04-17 11:37:35'),
(287, 49, 'eyJhbGciOiJIUzI1NiIsInR5cCI6IkpXVCJ9.eyJpZCI6NDksInVzZXJuYW1lIjoiTWFuYWdlciA0LjAiLCJyb2xlIjoibWFuYWdlciIsImlhdCI6MTc0NDg2NDk2NCwiZXhwIjoxNzQ0OTUxMzY0fQ.7Op97vH7cbo0khJxH7wDsyneE9luKqR_4dViR1MKMOw', '48e95987f9304e6eb0f326f735c7398247d4fef6e8a27432cd39137f015a310094aaf1488cdf37a62a2f811a49ddde4ee2f936b473aac745c6b0643daea4e9ee', '2025-04-24 11:42:44', '2025-04-17 11:42:44'),
(288, 49, 'eyJhbGciOiJIUzI1NiIsInR5cCI6IkpXVCJ9.eyJpZCI6NDksInVzZXJuYW1lIjoiTWFuYWdlciA0LjAiLCJyb2xlIjoibWFuYWdlciIsImlhdCI6MTc0NDg2NTA0OSwiZXhwIjoxNzQ0OTUxNDQ5fQ.g1Tlevxubrn8XAnv24gjEZNnbYuzUA1UJealNDqSTFs', '828f227d1f5847241aac120dee90b35eec123f3f28a0a317dc81207bacf05a9551e9903bfcc70b1d96138a2aa64a07257900135a5a3893fa2cd3042146a63851', '2025-04-24 11:44:09', '2025-04-17 11:44:09'),
(289, 49, 'eyJhbGciOiJIUzI1NiIsInR5cCI6IkpXVCJ9.eyJpZCI6NDksInVzZXJuYW1lIjoiTWFuYWdlciA0LjAiLCJyb2xlIjoibWFuYWdlciIsImlhdCI6MTc0NDg2NTIwOSwiZXhwIjoxNzQ0OTUxNjA5fQ.6aBEr9uG2hoAmXB-UNG5HIBH_AI749altzfcZzw0LxU', 'a0fa68d3f82133aa24d8d0bd38cf76b54db64a6ab1ca80415fc453dd5729d6cdf17067c8c5216997142c616dbbb52bb61aad6385e3268d6fbe26b3500c6a3756', '2025-04-24 11:46:49', '2025-04-17 11:46:49'),
(290, 49, 'eyJhbGciOiJIUzI1NiIsInR5cCI6IkpXVCJ9.eyJpZCI6NDksInVzZXJuYW1lIjoiTWFuYWdlciA0LjAiLCJyb2xlIjoibWFuYWdlciIsImlhdCI6MTc0NDg2NTI3NywiZXhwIjoxNzQ0OTUxNjc3fQ.D0xtNGF5yR2n5LIiSLzVfY6G-yxFLwtj8-whybKptWw', '9d985e663173f2ea43962079e9bfe65e512705c1d36042996fa45f71434e6b22e75f11ca4790a0c0e2d4a159b8bf4ea75b47fe34ec4c5ccf77ea9756eb91f691', '2025-04-24 11:47:57', '2025-04-17 11:47:57'),
(291, 49, 'eyJhbGciOiJIUzI1NiIsInR5cCI6IkpXVCJ9.eyJpZCI6NDksInVzZXJuYW1lIjoiTWFuYWdlciA0LjAiLCJyb2xlIjoibWFuYWdlciIsImlhdCI6MTc0NDg2NTM5MSwiZXhwIjoxNzQ0OTUxNzkxfQ.gPM6829Du6ptVwvTGoMpnf6Rs5IYMgSg0XCUI444ie8', 'f7cc0a8439d2fe99d0e155aa1d981d00fb6835e2160441feb634ae7eac4c4f15a3e89e191b80363b6b7c054e8e079fe50bb806f4d475ed505a84592f590ddb3c', '2025-04-24 11:49:51', '2025-04-17 11:49:51'),
(292, 49, 'eyJhbGciOiJIUzI1NiIsInR5cCI6IkpXVCJ9.eyJpZCI6NDksInVzZXJuYW1lIjoiTWFuYWdlciA0LjAiLCJyb2xlIjoibWFuYWdlciIsImlhdCI6MTc0NDg2NTUxOSwiZXhwIjoxNzQ0OTUxOTE5fQ.BSAfwB1vbac2erArVcB62Pt5Cz2I0X5azqx4mqcgwww', '7b1bf9b1c0e14df50ccadd631ecedffaeebbe1cb08af66594926d7b502047399c21ef03254ccc4ac10837f4263099606fbf897d784709972776714da092369c1', '2025-04-24 11:51:59', '2025-04-17 11:51:59'),
(293, 49, 'eyJhbGciOiJIUzI1NiIsInR5cCI6IkpXVCJ9.eyJpZCI6NDksInVzZXJuYW1lIjoiTWFuYWdlciA0LjAiLCJyb2xlIjoibWFuYWdlciIsImlhdCI6MTc0NDg2NTYxNSwiZXhwIjoxNzQ0OTUyMDE1fQ.uS2niwPMkH51CnqtpH-bkH_mg0EcZgw3WB_GsZlUpfU', 'ed0bd8490105af05135248de62be61379fced98876e84d47534e36e1fcaab0465a01ca1779e4c52f06a1769f68ed7bbc764bfea4de93d5011112188edcdd6817', '2025-04-24 11:53:35', '2025-04-17 11:53:35'),
(294, 47, 'eyJhbGciOiJIUzI1NiIsInR5cCI6IkpXVCJ9.eyJpZCI6NDcsInVzZXJuYW1lIjoiVmVyaWZpZXIgNC4wIiwicm9sZSI6InZlcmlmaWVyIiwiaWF0IjoxNzQ0ODY1NzU1LCJleHAiOjE3NDQ5NTIxNTV9.6cq_8G_m_mlqCMn4WOLPMUEfAb9j2KAtOfe7AzHy-Fc', 'b3259427dfc09f41401878a63c46ad3971332a1759aa8e23379f3b3834c8c7405faa3f7a0d1b9de0a5e03cea30b561ef441046ff7b064068b4934f0ced75f805', '2025-04-24 11:55:55', '2025-04-17 11:55:55'),
(295, 57, 'eyJhbGciOiJIUzI1NiIsInR5cCI6IkpXVCJ9.eyJpZCI6NTcsInVzZXJuYW1lIjoiMjAwMTIwODg4OCIsInJvbGUiOiJzdHVkZW50IiwiaWF0IjoxNzQ0ODY1ODc2LCJleHAiOjE3NDQ5NTIyNzZ9.nYJftL8Q4FIcWFWBZCzvyQpg9TkMGXpqkvq7a61LPCo', 'c5e1e8b02edc370b2fe1501530f8237cbea6f03a28e2532da312450ec1c7d148c0ce05b9c4e379c05d3e69d66bb0aa101d0f2ed6fdf6c81cc9d26f3b8d0a38d3', '2025-04-24 11:57:56', '2025-04-17 11:57:56'),
(296, 51, 'eyJhbGciOiJIUzI1NiIsInR5cCI6IkpXVCJ9.eyJpZCI6NTEsInVzZXJuYW1lIjoiMjAwMTIxNTc4MSIsInJvbGUiOiJzdHVkZW50IiwiaWF0IjoxNzQ0ODY1OTU4LCJleHAiOjE3NDQ5NTIzNTh9.e1XJEpiELo96THX_yUNzQsEur0cc3Lj7JOHfIYGPIUA', 'a4a73fcffd2c4f2cfc2fdf2e8bd79e8bea2a4bf9472c5b59346aca7346c36a1c5e3db70659b2c2fd891725ea3d3b3ea28860226951b4a0148451b03fe88c1894', '2025-04-24 11:59:18', '2025-04-17 11:59:18'),
(297, 49, 'eyJhbGciOiJIUzI1NiIsInR5cCI6IkpXVCJ9.eyJpZCI6NDksInVzZXJuYW1lIjoiTWFuYWdlciA0LjAiLCJyb2xlIjoibWFuYWdlciIsImlhdCI6MTc0NDk1ODk4NiwiZXhwIjoxNzQ1MDQ1Mzg2fQ.ENjX1z5JJ3FDY7vajXA5rKSUdkOkvS8iXaJ1F0K28ZQ', '5cb530c6546339e7b85431c7fc761b90d729f1ba4c0bfe877d4d6fe8247fec472c7bbcf99445d707f4b3de6285443b68f7039f7a0172d9b1e55bf3e74bf4407a', '2025-04-25 13:49:46', '2025-04-18 13:49:46'),
(298, 49, 'eyJhbGciOiJIUzI1NiIsInR5cCI6IkpXVCJ9.eyJpZCI6NDksInVzZXJuYW1lIjoiTWFuYWdlciA0LjAiLCJyb2xlIjoibWFuYWdlciIsImlhdCI6MTc0NDk1OTIwNiwiZXhwIjoxNzQ1MDQ1NjA2fQ.iahx-C-3jXNiEFQj4EK6V8ZhmsTYpVyocjiVgNrlKmU', '4dcf964d5a54dadec662155d9dd38bda676090b6f6408e7a5d4354081882254f2e80a08557bdd9c48de1b7b927e3c53a9f7b09aecdb7f2501cb737f7e68930b3', '2025-04-25 13:53:26', '2025-04-18 13:53:26'),
(299, 49, 'eyJhbGciOiJIUzI1NiIsInR5cCI6IkpXVCJ9.eyJpZCI6NDksInVzZXJuYW1lIjoiTWFuYWdlciA0LjAiLCJyb2xlIjoibWFuYWdlciIsImlhdCI6MTc0NDk1OTI2OCwiZXhwIjoxNzQ1MDQ1NjY4fQ.QGqZr5CuWfW0MQsi9WdvrLQ6jLUQu7U__26UfxjMpWo', 'e90ceb3529b04293b7447a9ebbf2d056dceba1f424debec9cc6f04c80c32a1613073b34a26a420bbccd8c095823162b6cbdebff8b5c39bbeae80b07911da66f7', '2025-04-25 13:54:28', '2025-04-18 13:54:28'),
(300, 49, 'eyJhbGciOiJIUzI1NiIsInR5cCI6IkpXVCJ9.eyJpZCI6NDksInVzZXJuYW1lIjoiTWFuYWdlciA0LjAiLCJyb2xlIjoibWFuYWdlciIsImlhdCI6MTc0NDk2ODE3NSwiZXhwIjoxNzQ1MDU0NTc1fQ.xeKUBFAAn-COii3C05FOrSTnd41e-dJpZtg6TMFaems', '9d1acc567121a9562d0fff315590e7b58c23f1d87c56cc7afdd4d84aa0065b5bd5be50493ce4a662df02bfb47e9c035d89d2ab182be7836a967d18701a3acb92', '2025-04-25 16:22:55', '2025-04-18 16:22:55'),
(301, 49, 'eyJhbGciOiJIUzI1NiIsInR5cCI6IkpXVCJ9.eyJpZCI6NDksInVzZXJuYW1lIjoiTWFuYWdlciA0LjAiLCJyb2xlIjoibWFuYWdlciIsImlhdCI6MTc0NTA1MjY5MywiZXhwIjoxNzQ1MTM5MDkzfQ.tZtUT85366WuPx2Lyk7J09CN-jTJpPEHoHh8Ycst5fs', '524e6920121da1f6b0616f17eb98de550bed193c52e46a09c661c12609697d28fc1cef53f0a13e339bf24094aa8442e5f1c8b38d22f423051c1fca145a71912b', '2025-04-26 15:51:33', '2025-04-19 15:51:33'),
(302, 49, 'eyJhbGciOiJIUzI1NiIsInR5cCI6IkpXVCJ9.eyJpZCI6NDksInVzZXJuYW1lIjoiTWFuYWdlciA0LjAiLCJyb2xlIjoibWFuYWdlciIsImlhdCI6MTc0NTE5NzgyNywiZXhwIjoxNzQ1Mjg0MjI3fQ.NqhiWk9HXzoV8Lq6W8RPnRUgzqDWg7LgDjo5lR_cUMA', 'd718179230d0eabc207c0ae26df584949323ee48fabdea1f24f6c7277da52ae1432ebb396276bc495f27b60b892420afc5c66869ecd1b5587ba2984b3e153bf6', '2025-04-28 08:10:27', '2025-04-21 08:10:27'),
(303, 53, 'eyJhbGciOiJIUzI1NiIsInR5cCI6IkpXVCJ9.eyJpZCI6NTMsInVzZXJuYW1lIjoiMjAwMTIwNzE4NCIsInJvbGUiOiJzdHVkZW50IiwiaWF0IjoxNzQ2NzcyMzM2LCJleHAiOjE3NDY4NTg3MzZ9.19D5qTpi7qALYH1K9abVVRkYlSEWjYcRQP0tAD-2w54', '6fdb81837b57cdce6d418efd3d15052a553d6fb7ca68c445ce45cbdda7319f7373485e89c8ec43be40bf28f5b729420b653c110d399c5a2de479f54a1b034b38', '2025-05-16 13:32:16', '2025-05-09 13:32:16'),
(304, 53, 'eyJhbGciOiJIUzI1NiIsInR5cCI6IkpXVCJ9.eyJpZCI6NTMsInVzZXJuYW1lIjoiMjAwMTIwNzE4NCIsInJvbGUiOiJzdHVkZW50IiwiaWF0IjoxNzQ2NzcyNjY1LCJleHAiOjE3NDY4NTkwNjV9.PHVJJsxQTwHWSfMXXLT7jfiL4BInfja4CIkGP3SlRDQ', 'b75847f580f952a008148f95ef760c8bb9eef26f656faf1811410d10f574c8b948fd13dbedaacb8ce2a8e2977cff19533407f2d2894d0c78db668fc486634cd8', '2025-05-16 13:37:45', '2025-05-09 13:37:45'),
(305, 53, 'eyJhbGciOiJIUzI1NiIsInR5cCI6IkpXVCJ9.eyJpZCI6NTMsInVzZXJuYW1lIjoiMjAwMTIwNzE4NCIsInJvbGUiOiJzdHVkZW50IiwiaWF0IjoxNzQ2Nzc0MjU5LCJleHAiOjE3NDY4NjA2NTl9._XvA9lEpCBymNQKyZcyITKcyThfrF8aSfSHlifUhZrs', '0ba953d52de44ebe9b4c0bc8e4679a361e4e84ee40b4f84e1203ef2b404eacca2ba354469520d0da340e9d591ef53905fb6a6df54270ebeb6062891ec94edcf4', '2025-05-16 14:04:19', '2025-05-09 14:04:19'),
(306, 53, 'eyJhbGciOiJIUzI1NiIsInR5cCI6IkpXVCJ9.eyJpZCI6NTMsInVzZXJuYW1lIjoiMjAwMTIwNzE4NCIsInJvbGUiOiJzdHVkZW50IiwiaWF0IjoxNzQ2Nzc2NzQ5LCJleHAiOjE3NDY4NjMxNDl9.lNhvH1N0jhf-1TYvoHuSPkP5QP97VBlElK7-2-MmRCM', '8fef16a93ee21f824ae76208ae04daeb35bfa0b3dd5c73eee4002a5913f772fb7176845bf07ee2188a1aed62056832fc6063aa4fabbf1c2f9afe1e67667c105d', '2025-05-16 14:45:49', '2025-05-09 14:45:49'),
(307, 60, 'eyJhbGciOiJIUzI1NiIsInR5cCI6IkpXVCJ9.eyJpZCI6NjAsInVzZXJuYW1lIjoiMjAwMDE5Mjk5OCIsInJvbGUiOiJzdHVkZW50IiwiaWF0IjoxNzQ2Nzc2NzcyLCJleHAiOjE3NDY4NjMxNzJ9.4w3OUjEGfIK8Ufjs247LVYqRLgqQd-tS_UfufJi78io', '60339a47024219ce4fd8a88a6817950a2df426e5dbdac1f154939680a10cbfca7aad2e7603203814797d92222e9af23b78fe6d67c6ef9d28d1cd8df7836fb947', '2025-05-16 14:46:12', '2025-05-09 14:46:12'),
(308, 61, 'eyJhbGciOiJIUzI1NiIsInR5cCI6IkpXVCJ9.eyJpZCI6NjEsInVzZXJuYW1lIjoiMjAwMDE5MjkwOCIsInJvbGUiOiJzdHVkZW50IiwiaWF0IjoxNzQ2NzgwNzY0LCJleHAiOjE3NDY4NjcxNjR9.if3C621OFKNCi3k4Y6p0WUTuiM4rIEgmO3g1k-RvrCo', 'dd34bf530eb21c417b1255519ee34a70fbd634d372a09047e6f9c801e1dda93e840ab31197be26c8df4f23c14faf019a0fd2bf7ffbd246cb99e2619a1dc5f7a0', '2025-05-16 15:52:44', '2025-05-09 15:52:44'),
(309, 62, 'eyJhbGciOiJIUzI1NiIsInR5cCI6IkpXVCJ9.eyJpZCI6NjIsInVzZXJuYW1lIjoiMjAwMDE5Mjk0OCIsInJvbGUiOiJzdHVkZW50IiwiaWF0IjoxNzQ2NzgxMzU3LCJleHAiOjE3NDY4Njc3NTd9.X861UBdnaT-PTnEf2_mUEp4PTQN0XPUKSTRpQKxiQ_s', '345d3e2848c488691d63f0ffedd85804518444812b7f4f1ad7060e02c44296f8377e7c5d899529925a8a1b6c48e127f338bf9391f6e041b179fcf74c5a74a8dc', '2025-05-16 16:02:37', '2025-05-09 16:02:37'),
(310, 62, 'eyJhbGciOiJIUzI1NiIsInR5cCI6IkpXVCJ9.eyJpZCI6NjIsInVzZXJuYW1lIjoiMjAwMDE5Mjk0OCIsInJvbGUiOiJzdHVkZW50IiwiaWF0IjoxNzQ2NzgxMzYyLCJleHAiOjE3NDY4Njc3NjJ9.7w5oe88HXzxfRNxU1N9EUdLqn2wx8YOc6LZoXM1LiVk', '27df7543e9c58f5725f04d9055a959fc5aa53effacf41cd818b55651c9ed0a53ea8076ae807d78b7486faba58d72d5ecaf054a87c6a2cce0e2fa7b601ee8ee50', '2025-05-16 16:02:42', '2025-05-09 16:02:42'),
(311, 62, 'eyJhbGciOiJIUzI1NiIsInR5cCI6IkpXVCJ9.eyJpZCI6NjIsInVzZXJuYW1lIjoiMjAwMDE5Mjk0OCIsInJvbGUiOiJzdHVkZW50IiwiaWF0IjoxNzQ2NzgxMzkxLCJleHAiOjE3NDY4Njc3OTF9.OinlZ1e3ur1Apu_WonnUnfLI8M0XQtqv7qm-cn8ttuQ', '0e51fb827d621065590d5a44a9560fc1039e68c7c0c3067f41a0ea4389b78bde013f0dd0da7a01897f85a667f134f2a841f89c157cc0a09378d10fd763f5aad7', '2025-05-16 16:03:11', '2025-05-09 16:03:11'),
(312, 62, 'eyJhbGciOiJIUzI1NiIsInR5cCI6IkpXVCJ9.eyJpZCI6NjIsInVzZXJuYW1lIjoiMjAwMDE5Mjk0OCIsInJvbGUiOiJzdHVkZW50IiwiaWF0IjoxNzQ2NzgxMzk2LCJleHAiOjE3NDY4Njc3OTZ9.duPsP43w1nbvzjm5kQ-Beza18fNI6v96BX49E0acIuM', '532334cb5da510c28a7bcb032b46409a7b9146e642612404febb6b8ee880767eae59a68408b3ecf3d998e9c47dc42138055a2657ab9b0f2c2f5a78e9b6d9f9df', '2025-05-16 16:03:16', '2025-05-09 16:03:16'),
(313, 62, 'eyJhbGciOiJIUzI1NiIsInR5cCI6IkpXVCJ9.eyJpZCI6NjIsInVzZXJuYW1lIjoiMjAwMDE5Mjk0OCIsInJvbGUiOiJzdHVkZW50IiwiaWF0IjoxNzQ2NzgxMzk3LCJleHAiOjE3NDY4Njc3OTd9.s9pTe1153FjxZtEgGJsGlKUbvjss5sDWfLfczZaboHA', 'ba3d41fe7e08e405bd46219370a118f1319ded18c33a53accb9630ddbe165c2cfedf0d65b7454496085065c898f75b6bdfc5bb3b16ec8d7b0e9ca1da7585d08f', '2025-05-16 16:03:17', '2025-05-09 16:03:17');

-- --------------------------------------------------------

--
-- Table structure for table `users`
--

CREATE TABLE `users` (
  `id` int(11) NOT NULL,
  `username` varchar(255) NOT NULL,
  `email` varchar(255) NOT NULL,
  `citizen_id` char(12) NOT NULL,
  `role` enum('student','admin','verifier','manager') NOT NULL DEFAULT 'student',
  `dob` date NOT NULL,
  `common_name` varchar(255) DEFAULT NULL,
  `organization` varchar(255) DEFAULT NULL,
  `organizational_unit` varchar(255) DEFAULT NULL,
  `country` varchar(255) DEFAULT NULL,
  `state` varchar(255) DEFAULT NULL,
  `locality` varchar(255) DEFAULT NULL,
  `certificate` text DEFAULT NULL,
  `public_key` longblob DEFAULT NULL,
  `private_key` longblob DEFAULT NULL,
  `enrollment_secret` varchar(255) DEFAULT NULL,
  `pin_code` char(6) DEFAULT NULL,
  `created_at` datetime DEFAULT current_timestamp()
) ENGINE=InnoDB DEFAULT CHARSET=utf8mb4 COLLATE=utf8mb4_unicode_ci;

--
-- Dumping data for table `users`
--

INSERT INTO `users` (`id`, `username`, `email`, `citizen_id`, `role`, `dob`, `common_name`, `organization`, `organizational_unit`, `country`, `state`, `locality`, `certificate`, `public_key`, `private_key`, `enrollment_secret`, `pin_code`, `created_at`) VALUES
(47, 'Verifier 4.0', 'lehuutai090403@gmail.com', '008894487711', 'verifier', '2003-04-09', 'Lê Hữu Tài', 'Org1', 'IT', 'US', 'California', 'San Francisco', '-----BEGIN CERTIFICATE-----\nMIICoDCCAkegAwIBAgIUM2BNdM2HWRDW3i+RqEnq2IxZflcwCgYIKoZIzj0EAwIw\ncDELMAkGA1UEBhMCVVMxFzAVBgNVBAgTDk5vcnRoIENhcm9saW5hMQ8wDQYDVQQH\nEwZEdXJoYW0xGTAXBgNVBAoTEG9yZzEuZXhhbXBsZS5jb20xHDAaBgNVBAMTE2Nh\nLm9yZzEuZXhhbXBsZS5jb20wHhcNMjUwNDExMDEwNDAwWhcNMjYwNDExMDE0MTAw\nWjBJMTAwCwYDVQQLEwRvcmcxMA0GA1UECxMGY2xpZW50MBIGA1UECxMLZGVwYXJ0\nbWVudDExFTATBgNVBAMTDFZlcmlmaWVyIDQuMDBZMBMGByqGSM49AgEGCCqGSM49\nAwEHA0IABIstEHt2ToVKVaIuIlwECOMeJmlJd/vAQ46oLJUaJVW6Eo3YyX30j8ky\nZKZX7mjhfkqGPoFE7pLTvkRkLAP1R6ijgeUwgeIwDgYDVR0PAQH/BAQDAgeAMAwG\nA1UdEwEB/wQCMAAwHQYDVR0OBBYEFAz8C/rIdinjLNKBp2RNvbaWdAu2MB8GA1Ud\nIwQYMBaAFD8alIhhRCjx9Ok8ULkW3dgHeqseMIGBBggqAwQFBgcIAQR1eyJhdHRy\ncyI6eyJoZi5BZmZpbGlhdGlvbiI6Im9yZzEuZGVwYXJ0bWVudDEiLCJoZi5FbnJv\nbGxtZW50SUQiOiJWZXJpZmllciA0LjAiLCJoZi5UeXBlIjoiY2xpZW50Iiwicm9s\nZSI6InZlcmlmaWVyIn19MAoGCCqGSM49BAMCA0cAMEQCIFcscDwPhRtnPZtjmpfi\n31RouRf0EzHcEDrj9CzOPYntAiA0pORODx4LSBvbVF7XKLmE2/4JtdRaZBsnx9BC\n5H1gjQ==\n-----END CERTIFICATE-----\n', 0x2d2d2d2d2d424547494e205055424c4943204b45592d2d2d2d2d0d0a4d466b77457759484b6f5a497a6a3043415159494b6f5a497a6a304441516344516741456979305165335a4f685570566f693469584151493478346d61556c330d0a2b3842446a7167736c526f6c56626f536a646a4a6666535079544a6b706c6675614f462b536f592b675554756b744f2b52475173412f564871413d3d0d0a2d2d2d2d2d454e44205055424c4943204b45592d2d2d2d2d0d0a, 0x2d2d2d2d2d424547494e2050524956415445204b45592d2d2d2d2d0d0a4d494748416745414d424d4742797147534d34394167454743437147534d3439417745484247307761774942415151674f423669762f616d774c343453716b2b0d0a6e4953644a334c4436536150536e6f58655a756a2b4164766656716852414e434141534c4c524237646b3646536c57694c694a6342416a6a48695a70535866370d0a77454f4f714379564769565675684b4e324d6c3939492f4a4d6d536d562b356f3458354b686a3642524f3653303735455a4377443955656f0d0a2d2d2d2d2d454e442050524956415445204b45592d2d2d2d2d0d0a, '123#', '123456', '2025-04-11 08:41:09'),
(48, 'Admin 4.0', 'vinhglory198198@gmail.com', '118894487711', 'admin', '1982-12-30', 'Lê Quang Vinh', 'Org1', 'IT', 'US', 'California', 'San Francisco', '-----BEGIN CERTIFICATE-----\nMIIClzCCAj2gAwIBAgIUX5gGF9hk+ZV3Jcw04Xf3/fNG8oowCgYIKoZIzj0EAwIw\ncDELMAkGA1UEBhMCVVMxFzAVBgNVBAgTDk5vcnRoIENhcm9saW5hMQ8wDQYDVQQH\nEwZEdXJoYW0xGTAXBgNVBAoTEG9yZzEuZXhhbXBsZS5jb20xHDAaBgNVBAMTE2Nh\nLm9yZzEuZXhhbXBsZS5jb20wHhcNMjUwNDExMDEwNDAwWhcNMjYwNDExMDE0MzAw\nWjBGMTAwCwYDVQQLEwRvcmcxMA0GA1UECxMGY2xpZW50MBIGA1UECxMLZGVwYXJ0\nbWVudDExEjAQBgNVBAMTCUFkbWluIDQuMDBZMBMGByqGSM49AgEGCCqGSM49AwEH\nA0IABKKg0Uqnv91u1tgWFvvlbG8lhs5hxvpPS2rjQ5/ZV+0c45tw3MKhZ4s6zpLw\nYrF99FWTBOGfEzuWpDDtzM33HqWjgd4wgdswDgYDVR0PAQH/BAQDAgeAMAwGA1Ud\nEwEB/wQCMAAwHQYDVR0OBBYEFMo20yF/3rE2vrWaB3pzSFFCZ+yAMB8GA1UdIwQY\nMBaAFD8alIhhRCjx9Ok8ULkW3dgHeqseMHsGCCoDBAUGBwgBBG97ImF0dHJzIjp7\nImhmLkFmZmlsaWF0aW9uIjoib3JnMS5kZXBhcnRtZW50MSIsImhmLkVucm9sbG1l\nbnRJRCI6IkFkbWluIDQuMCIsImhmLlR5cGUiOiJjbGllbnQiLCJyb2xlIjoiYWRt\naW4ifX0wCgYIKoZIzj0EAwIDSAAwRQIhANIc8RDHlQcMjw8Vxk0/nDhrRMgxznPq\nY/7sMecMbMntAiBb3R4tHcbC7G6cdUSsZqmB6/S7wD95ar/0nsdRdBwZQw==\n-----END CERTIFICATE-----\n', 0x2d2d2d2d2d424547494e205055424c4943204b45592d2d2d2d2d0d0a4d466b77457759484b6f5a497a6a3043415159494b6f5a497a6a304441516344516741456f7144525371652f33573757324259572b2b5673627957477a6d48470d0a2b6b394c61754e446e396c5837527a6a6d3344637771466e697a724f6b76426973583330565a4d45345a38544f35616b4d4f334d7a66636570513d3d0d0a2d2d2d2d2d454e44205055424c4943204b45592d2d2d2d2d0d0a, 0x2d2d2d2d2d424547494e2050524956415445204b45592d2d2d2d2d0d0a4d494748416745414d424d4742797147534d34394167454743437147534d3439417745484247307761774942415151677070786d4c3374426e6c4e53726a4a390d0a50586f595a784b50544458706654514437307a354a3541326173756852414e43414153696f4e464b70372f646274625946686237355778764a59624f596362360d0a5430747134304f6632566674484f4f62634e7a436f57654c4f73365338474b78666652566b7754686e784d376c71517737637a4e3978366c0d0a2d2d2d2d2d454e442050524956415445204b45592d2d2d2d2d0d0a, '123#', '123456', '2025-04-11 08:43:05'),
(49, 'Manager 4.0', 'ln5966220@gmail.com', '008899886655', 'manager', '2003-06-28', 'Nguyễn Thị Thanh Thảo', 'Org1', 'IT', 'US', 'California', 'San Francisco', '-----BEGIN CERTIFICATE-----\nMIICnTCCAkOgAwIBAgIUUWgOIt/i7PI5XPEnLUGVOm0ibeIwCgYIKoZIzj0EAwIw\ncDELMAkGA1UEBhMCVVMxFzAVBgNVBAgTDk5vcnRoIENhcm9saW5hMQ8wDQYDVQQH\nEwZEdXJoYW0xGTAXBgNVBAoTEG9yZzEuZXhhbXBsZS5jb20xHDAaBgNVBAMTE2Nh\nLm9yZzEuZXhhbXBsZS5jb20wHhcNMjUwNDExMDEwNDAwWhcNMjYwNDExMDE0NDAw\nWjBIMTAwCwYDVQQLEwRvcmcxMA0GA1UECxMGY2xpZW50MBIGA1UECxMLZGVwYXJ0\nbWVudDExFDASBgNVBAMTC01hbmFnZXIgNC4wMFkwEwYHKoZIzj0CAQYIKoZIzj0D\nAQcDQgAEqZOvrwPLm/XvGqLOH6qXJKm938ccRNFGpQb5+G7Yp+Mb57NsTxleumgW\naK5keHJI7/vYgPeAYCqgiSCbRxgi86OB4jCB3zAOBgNVHQ8BAf8EBAMCB4AwDAYD\nVR0TAQH/BAIwADAdBgNVHQ4EFgQUoV52RURSHg8Jt0GEVOaqNZEr5GIwHwYDVR0j\nBBgwFoAUPxqUiGFEKPH06TxQuRbd2Ad6qx4wfwYIKgMEBQYHCAEEc3siYXR0cnMi\nOnsiaGYuQWZmaWxpYXRpb24iOiJvcmcxLmRlcGFydG1lbnQxIiwiaGYuRW5yb2xs\nbWVudElEIjoiTWFuYWdlciA0LjAiLCJoZi5UeXBlIjoiY2xpZW50Iiwicm9sZSI6\nIm1hbmFnZXIifX0wCgYIKoZIzj0EAwIDSAAwRQIhAPFz1xwPD2KzRxmmOZhL6UcN\nHHp82LfRMQDZQ1ujQxzWAiBJ5e2RVZKVzcudA5joJiTDmTQ6n6fIHML4y4d+s5zM\n2w==\n-----END CERTIFICATE-----\n', 0x2d2d2d2d2d424547494e205055424c4943204b45592d2d2d2d2d0d0a4d466b77457759484b6f5a497a6a3043415159494b6f5a497a6a30444151634451674145715a4f767277504c6d2f587647714c4f483671584a4b6d39333863630d0a524e4647705162352b473759702b4d6235374e7354786c65756d6757614b356b65484a49372f76596750654159437167695343625278676938773d3d0d0a2d2d2d2d2d454e44205055424c4943204b45592d2d2d2d2d0d0a, 0x2d2d2d2d2d424547494e2050524956415445204b45592d2d2d2d2d0d0a4d494748416745414d424d4742797147534d34394167454743437147534d343941774548424730776177494241515167595064333351416a584d6b5a6e3976420d0a654b586d6c2f344d336d655a397a4f5148364f76327877376751476852414e43414153706b362b7641387562396538616f7334667170636b71623366787878450d0a3055616c42766e346274696e3478766e733278504756363661425a6f726d5234636b6a762b396941393442674b71434a494a744847434c7a0d0a2d2d2d2d2d454e442050524956415445204b45592d2d2d2d2d0d0a, '123#', '123456', '2025-04-11 08:44:05'),
(50, '2001210240', 'caotancong2003@gmail.com', '008822886611', 'student', '2003-10-26', 'Cao Tấn Công', 'Org1', 'IT', 'US', 'California', 'San Francisco', '-----BEGIN CERTIFICATE-----\nMIICmjCCAkGgAwIBAgIUSCTVTSCGSTsNXLmQCMVHtOejsqMwCgYIKoZIzj0EAwIw\ncDELMAkGA1UEBhMCVVMxFzAVBgNVBAgTDk5vcnRoIENhcm9saW5hMQ8wDQYDVQQH\nEwZEdXJoYW0xGTAXBgNVBAoTEG9yZzEuZXhhbXBsZS5jb20xHDAaBgNVBAMTE2Nh\nLm9yZzEuZXhhbXBsZS5jb20wHhcNMjUwNDExMDEwNDAwWhcNMjYwNDExMDE0NTAw\nWjBHMTAwCwYDVQQLEwRvcmcxMA0GA1UECxMGY2xpZW50MBIGA1UECxMLZGVwYXJ0\nbWVudDExEzARBgNVBAMTCjIwMDEyMTAyNDAwWTATBgcqhkjOPQIBBggqhkjOPQMB\nBwNCAASiarO+XJNhlXUK7jvN3BPuKYHLJsIYukfnhBQ/4hZ4K8tTJZAqoJEg4zwt\nmnsTZ1CwOVquBFOLlc7/K4rOcZYro4HhMIHeMA4GA1UdDwEB/wQEAwIHgDAMBgNV\nHRMBAf8EAjAAMB0GA1UdDgQWBBRPf339g8QJnnFjrNHyghpsQ05tfTAfBgNVHSME\nGDAWgBQ/GpSIYUQo8fTpPFC5Ft3YB3qrHjB+BggqAwQFBgcIAQRyeyJhdHRycyI6\neyJoZi5BZmZpbGlhdGlvbiI6Im9yZzEuZGVwYXJ0bWVudDEiLCJoZi5FbnJvbGxt\nZW50SUQiOiIyMDAxMjEwMjQwIiwiaGYuVHlwZSI6ImNsaWVudCIsInJvbGUiOiJz\ndHVkZW50In19MAoGCCqGSM49BAMCA0cAMEQCICrlEUHDlEKl2MwO6H1Or08TidqZ\n9TJ8J/Swy0bdjp5lAiAr/+NPOdQO5A+bdyHp3cZJ799zruwZNKBOEtIEGk2AJA==\n-----END CERTIFICATE-----\n', 0x2d2d2d2d2d424547494e205055424c4943204b45592d2d2d2d2d0d0a4d466b77457759484b6f5a497a6a3043415159494b6f5a497a6a304441516344516741456f6d717a766c7954595a5631437534377a64775437696d42797962430d0a474c704835345155502b49576543764c557957514b714352494f4d384c5a70374532645173446c61726752546935584f2f79754b7a6e47574b773d3d0d0a2d2d2d2d2d454e44205055424c4943204b45592d2d2d2d2d0d0a, 0x2d2d2d2d2d424547494e2050524956415445204b45592d2d2d2d2d0d0a4d494748416745414d424d4742797147534d34394167454743437147534d343941774548424730776177494241515167336a366b41496b38394a626e3369544b0d0a7166554348305a586730592b65595255497737434831453733706d6852414e434141536961724f2b584a4e686c58554b376a764e334250754b59484c4a7349590d0a756b666e6842512f34685a344b3874544a5a41716f4a4567347a77746d6e73545a3143774f56717542464f4c6c63372f4b34724f635a59720d0a2d2d2d2d2d454e442050524956415445204b45592d2d2d2d2d0d0a, '123#', '123456', '2025-04-11 08:45:13'),
(51, '2001215781', 'phanconghieu12@gmail.com', '008822996655', 'student', '2003-03-29', 'Phan Công Hiệu', 'Org1', 'IT', 'US', 'California', 'San Francisco', '-----BEGIN CERTIFICATE-----\nMIICmzCCAkGgAwIBAgIUNzOjNNVgUUFU62PDacD5IQTEVXYwCgYIKoZIzj0EAwIw\ncDELMAkGA1UEBhMCVVMxFzAVBgNVBAgTDk5vcnRoIENhcm9saW5hMQ8wDQYDVQQH\nEwZEdXJoYW0xGTAXBgNVBAoTEG9yZzEuZXhhbXBsZS5jb20xHDAaBgNVBAMTE2Nh\nLm9yZzEuZXhhbXBsZS5jb20wHhcNMjUwNDExMDEwNDAwWhcNMjYwNDExMDE0NjAw\nWjBHMTAwCwYDVQQLEwRvcmcxMA0GA1UECxMGY2xpZW50MBIGA1UECxMLZGVwYXJ0\nbWVudDExEzARBgNVBAMTCjIwMDEyMTU3ODEwWTATBgcqhkjOPQIBBggqhkjOPQMB\nBwNCAARsIyrheRO19TTJuXi74dFVuMKNK4E5IQLbnTNbp5s3jIs6MXrmV26zitcd\nNlhXI9AZEqopw6KxG0s9F0Cf4DPlo4HhMIHeMA4GA1UdDwEB/wQEAwIHgDAMBgNV\nHRMBAf8EAjAAMB0GA1UdDgQWBBSC3sZ1h8E9SrK3/L/kKzlJGPIB6jAfBgNVHSME\nGDAWgBQ/GpSIYUQo8fTpPFC5Ft3YB3qrHjB+BggqAwQFBgcIAQRyeyJhdHRycyI6\neyJoZi5BZmZpbGlhdGlvbiI6Im9yZzEuZGVwYXJ0bWVudDEiLCJoZi5FbnJvbGxt\nZW50SUQiOiIyMDAxMjE1NzgxIiwiaGYuVHlwZSI6ImNsaWVudCIsInJvbGUiOiJz\ndHVkZW50In19MAoGCCqGSM49BAMCA0gAMEUCIQC9bjKbjh/MVCiW1G9XlttoP+io\nOK6pk/+ox1+7MSyanQIga+MMxjEcIbamiHhMIYIPiZhUF/ZxNGT65GcJbzubwAU=\n-----END CERTIFICATE-----\n', 0x2d2d2d2d2d424547494e205055424c4943204b45592d2d2d2d2d0d0a4d466b77457759484b6f5a497a6a3043415159494b6f5a497a6a3044415163445167414562434d7134586b547466553079626c34752b485256626a436a5375420d0a4f5345433235307a573665624e34794c4f6a4636356c64757334725848545a595679505147524b714b634f697352744c505264416e2b417a35513d3d0d0a2d2d2d2d2d454e44205055424c4943204b45592d2d2d2d2d0d0a, 0x2d2d2d2d2d424547494e2050524956415445204b45592d2d2d2d2d0d0a4d494748416745414d424d4742797147534d34394167454743437147534d3439417745484247307761774942415151674d4e41507a7045416767494f4a6554720d0a51375076396c714f4431767761312f617173537a6b436651786c4b6852414e43414152734979726865524f313954544a7558693734644656754d4b4e4b3445350d0a49514c626e544e62703573336a4973364d58726d5632367a697463644e6c68584939415a45716f7077364b7847307339463043663444506c0d0a2d2d2d2d2d454e442050524956415445204b45592d2d2d2d2d0d0a, '123#', '123456', '2025-04-11 08:46:05'),
(52, '2001222914', 'arignrika@gmail.com', '008899996655', 'student', '2004-12-09', 'Hà Huỳnh Ánh Ngân', 'Org1', 'IT', 'US', 'California', 'San Francisco', '-----BEGIN CERTIFICATE-----\nMIICmjCCAkGgAwIBAgIUKl1/4+fgcweEek+McIjNE5iEkJowCgYIKoZIzj0EAwIw\ncDELMAkGA1UEBhMCVVMxFzAVBgNVBAgTDk5vcnRoIENhcm9saW5hMQ8wDQYDVQQH\nEwZEdXJoYW0xGTAXBgNVBAoTEG9yZzEuZXhhbXBsZS5jb20xHDAaBgNVBAMTE2Nh\nLm9yZzEuZXhhbXBsZS5jb20wHhcNMjUwNDExMDEwNDAwWhcNMjYwNDExMDE0NzAw\nWjBHMTAwCwYDVQQLEwRvcmcxMA0GA1UECxMGY2xpZW50MBIGA1UECxMLZGVwYXJ0\nbWVudDExEzARBgNVBAMTCjIwMDEyMjI5MTQwWTATBgcqhkjOPQIBBggqhkjOPQMB\nBwNCAATEBssGY2pv94fcnmR1uBWMvrZIfu1bZDWqjqkL7HtQ8iNtDy2ZmaODCl7d\nPq9248WFCET4UT/7UxvDHOeVOdabo4HhMIHeMA4GA1UdDwEB/wQEAwIHgDAMBgNV\nHRMBAf8EAjAAMB0GA1UdDgQWBBT+ih02OTiilIE38HSX71M7yZ5GaDAfBgNVHSME\nGDAWgBQ/GpSIYUQo8fTpPFC5Ft3YB3qrHjB+BggqAwQFBgcIAQRyeyJhdHRycyI6\neyJoZi5BZmZpbGlhdGlvbiI6Im9yZzEuZGVwYXJ0bWVudDEiLCJoZi5FbnJvbGxt\nZW50SUQiOiIyMDAxMjIyOTE0IiwiaGYuVHlwZSI6ImNsaWVudCIsInJvbGUiOiJz\ndHVkZW50In19MAoGCCqGSM49BAMCA0cAMEQCIAN4fZuU9qw+WhwfFbE5l/McQdgB\nCvpCQGKeF6e66yu9AiAs7OdNYBbQAp8vuy2xhkUzX+vdd8R/QsRBXBk4mcmuDA==\n-----END CERTIFICATE-----\n', 0x2d2d2d2d2d424547494e205055424c4943204b45592d2d2d2d2d0d0a4d466b77457759484b6f5a497a6a3043415159494b6f5a497a6a304441516344516741457841624c426d4e71622f6548334a356b646267566a4c3632534837740d0a57325131716f3670432b78375550496a625138746d5a6d6a677770653354367664755046685168452b46452f2b314d6277787a6e6c546e576d773d3d0d0a2d2d2d2d2d454e44205055424c4943204b45592d2d2d2d2d0d0a, 0x2d2d2d2d2d424547494e2050524956415445204b45592d2d2d2d2d0d0a4d494748416745414d424d4742797147534d34394167454743437147534d34394177454842473077617749424151516765624a334e6f33654653746e446469710d0a794754664b6e304f6970664968537a34646f4156365a765343694b6852414e43414154454273734759327076393466636e6d52317542574d76725a49667531620d0a5a4457716a716b4c3748745138694e744479325a6d614f44436c376450713932343857464345543455542f3755787644484f65564f6461620d0a2d2d2d2d2d454e442050524956415445204b45592d2d2d2d2d0d0a, '123#', '123456', '2025-04-11 08:46:54'),
(53, '2001207184', 'nguyendunggl2308@gmail.com', '009922996655', 'student', '2002-08-23', 'Nguyễn Thế Dũng', 'Org1', 'IT', 'US', 'California', 'San Francisco', '-----BEGIN CERTIFICATE-----\nMIICmjCCAkGgAwIBAgIUaaz/F+zDsxedtcWags1HuuPFR18wCgYIKoZIzj0EAwIw\ncDELMAkGA1UEBhMCVVMxFzAVBgNVBAgTDk5vcnRoIENhcm9saW5hMQ8wDQYDVQQH\nEwZEdXJoYW0xGTAXBgNVBAoTEG9yZzEuZXhhbXBsZS5jb20xHDAaBgNVBAMTE2Nh\nLm9yZzEuZXhhbXBsZS5jb20wHhcNMjUwNDExMDEwNDAwWhcNMjYwNDExMDE0ODAw\nWjBHMTAwCwYDVQQLEwRvcmcxMA0GA1UECxMGY2xpZW50MBIGA1UECxMLZGVwYXJ0\nbWVudDExEzARBgNVBAMTCjIwMDEyMDcxODQwWTATBgcqhkjOPQIBBggqhkjOPQMB\nBwNCAATxRdx8f/Wz1B/Ee54cY2O1KIz9DyNykbEVona1uMmwQbpw3bH1qg3aWnU/\njbgZE3AJJraxReIzxhQ1Iaa9KGKqo4HhMIHeMA4GA1UdDwEB/wQEAwIHgDAMBgNV\nHRMBAf8EAjAAMB0GA1UdDgQWBBSeqOuSpAJPgckNd7fdFq4Wcp5FPDAfBgNVHSME\nGDAWgBQ/GpSIYUQo8fTpPFC5Ft3YB3qrHjB+BggqAwQFBgcIAQRyeyJhdHRycyI6\neyJoZi5BZmZpbGlhdGlvbiI6Im9yZzEuZGVwYXJ0bWVudDEiLCJoZi5FbnJvbGxt\nZW50SUQiOiIyMDAxMjA3MTg0IiwiaGYuVHlwZSI6ImNsaWVudCIsInJvbGUiOiJz\ndHVkZW50In19MAoGCCqGSM49BAMCA0cAMEQCIHlWuHUMn8Mt8jC1qoTdbk60OOZr\nR/CGVWtpKcdXJ7tIAiAeaTR5dIKFdp1s+wbF5rDzq7qNEoz+IiLYs2dCRVQUKg==\n-----END CERTIFICATE-----\n', 0x2d2d2d2d2d424547494e205055424c4943204b45592d2d2d2d2d0d0a4d466b77457759484b6f5a497a6a3043415159494b6f5a497a6a304441516344516741453855586366482f31733951667848756548474e6a7453694d2f51386a0d0a6370477846614a3274626a4a73454736634e327839616f4e326c70315034323447524e7743536132735558694d3859554e53476d7653686971673d3d0d0a2d2d2d2d2d454e44205055424c4943204b45592d2d2d2d2d0d0a, 0x2d2d2d2d2d424547494e2050524956415445204b45592d2d2d2d2d0d0a4d494748416745414d424d4742797147534d34394167454743437147534d34394177454842473077617749424151516738352f45743561497a5945546b4764650d0a415777593442397a4e6a34433176716a724f796935425251334b716852414e434141547852647838662f577a31422f456535346359324f314b497a3944794e790d0a6b6245566f6e6131754d6d77516270773362483171673361576e552f6a62675a4533414a4a7261785265497a78685131496161394b474b710d0a2d2d2d2d2d454e442050524956415445204b45592d2d2d2d2d0d0a, '123#', '123456', '2025-04-11 08:48:02'),
(54, '2001200504', 'longbachnguyen09dev@gmail.com', '009922998855', 'student', '2002-09-10', 'Nguyễn Bạch Long', 'Org1', 'IT', 'US', 'California', 'San Francisco', '-----BEGIN CERTIFICATE-----\nMIICmzCCAkGgAwIBAgIUXB1yRChjJJPwY1yxc23bIw4A3uAwCgYIKoZIzj0EAwIw\ncDELMAkGA1UEBhMCVVMxFzAVBgNVBAgTDk5vcnRoIENhcm9saW5hMQ8wDQYDVQQH\nEwZEdXJoYW0xGTAXBgNVBAoTEG9yZzEuZXhhbXBsZS5jb20xHDAaBgNVBAMTE2Nh\nLm9yZzEuZXhhbXBsZS5jb20wHhcNMjUwNDE2MDIwMTAwWhcNMjYwNDE3MDIxNTAw\nWjBHMTAwCwYDVQQLEwRvcmcxMA0GA1UECxMGY2xpZW50MBIGA1UECxMLZGVwYXJ0\nbWVudDExEzARBgNVBAMTCjIwMDEyMDA1MDQwWTATBgcqhkjOPQIBBggqhkjOPQMB\nBwNCAARz/7N6UU3OSQsNKz1zBrVhDAa7bv6rKrJdb6wfaTUrG94+ygGPGPKJ1Y1T\nZNWUCatZfq4BfbyXvSE/Iizjtfj9o4HhMIHeMA4GA1UdDwEB/wQEAwIHgDAMBgNV\nHRMBAf8EAjAAMB0GA1UdDgQWBBTIp4RdX/78O3HI/GDhVroeXLm3EzAfBgNVHSME\nGDAWgBT0L+GL1CNBlG27j8JScIUFOr4+1TB+BggqAwQFBgcIAQRyeyJhdHRycyI6\neyJoZi5BZmZpbGlhdGlvbiI6Im9yZzEuZGVwYXJ0bWVudDEiLCJoZi5FbnJvbGxt\nZW50SUQiOiIyMDAxMjAwNTA0IiwiaGYuVHlwZSI6ImNsaWVudCIsInJvbGUiOiJz\ndHVkZW50In19MAoGCCqGSM49BAMCA0gAMEUCIQCp54UY9QXSGRwAC90eJWyP8X1g\nMxQMUKZn9BSrMmiq0gIgEq2hlCDDOi46C6/tNHK3OtSYGDv1+nCdfjBzSSwPCis=\n-----END CERTIFICATE-----\n', 0x2d2d2d2d2d424547494e205055424c4943204b45592d2d2d2d2d0d0a4d466b77457759484b6f5a497a6a3043415159494b6f5a497a6a30444151634451674145632f2b7a656c464e7a6b6b4c4453733963776131595177477532372b0d0a7179717958572b7348326b314b78766550736f426a786a796964574e553254566c416d7257583675415832386c37306850794973343758342f513d3d0d0a2d2d2d2d2d454e44205055424c4943204b45592d2d2d2d2d0d0a, 0x2d2d2d2d2d424547494e2050524956415445204b45592d2d2d2d2d0d0a4d494748416745414d424d4742797147534d34394167454743437147534d343941774548424730776177494241515167383674476b3057356e466733755937300d0a3830335038386c4c30354368704750536b32645033766d766472436852414e434141527a2f374e365555334f5351734e4b7a317a4272566844416137627636720d0a4b724a6462367766615455724739342b7967475047504b4a315931545a4e57554361745a66713442666279587653452f49697a6a74666a390d0a2d2d2d2d2d454e442050524956415445204b45592d2d2d2d2d0d0a, 'LWdHLMUAXBTn', NULL, '2025-04-17 09:14:53'),
(55, '2001207188', 'dungnguyengpromaxx2308@gmail.com', '123456789112', 'student', '2001-04-16', 'Nguyễn Ngọc Minh Nguyệt', 'HUIT', 'Org1', 'VN', 'TP HCM', 'Tân Bình', '-----BEGIN CERTIFICATE-----\nMIICmjCCAkGgAwIBAgIUHV+JEXxpV7KlGoYnzEVhVE46JsAwCgYIKoZIzj0EAwIw\ncDELMAkGA1UEBhMCVVMxFzAVBgNVBAgTDk5vcnRoIENhcm9saW5hMQ8wDQYDVQQH\nEwZEdXJoYW0xGTAXBgNVBAoTEG9yZzEuZXhhbXBsZS5jb20xHDAaBgNVBAMTE2Nh\nLm9yZzEuZXhhbXBsZS5jb20wHhcNMjUwNDE2MDIwMTAwWhcNMjYwNDE3MDQyNjAw\nWjBHMTAwCwYDVQQLEwRvcmcxMA0GA1UECxMGY2xpZW50MBIGA1UECxMLZGVwYXJ0\nbWVudDExEzARBgNVBAMTCjIwMDEyMDcxODgwWTATBgcqhkjOPQIBBggqhkjOPQMB\nBwNCAAQE/x0wNWDMfySUyLJe+waOFFqXKxUaY7vB/+hC5X/OwodxRQtr9T8UbQOY\nHP1F1Omc3iwG56t3zhQaqVluOx/no4HhMIHeMA4GA1UdDwEB/wQEAwIHgDAMBgNV\nHRMBAf8EAjAAMB0GA1UdDgQWBBSoiDd7uNPQZUOHK5BE9TGgbUFn4jAfBgNVHSME\nGDAWgBT0L+GL1CNBlG27j8JScIUFOr4+1TB+BggqAwQFBgcIAQRyeyJhdHRycyI6\neyJoZi5BZmZpbGlhdGlvbiI6Im9yZzEuZGVwYXJ0bWVudDEiLCJoZi5FbnJvbGxt\nZW50SUQiOiIyMDAxMjA3MTg4IiwiaGYuVHlwZSI6ImNsaWVudCIsInJvbGUiOiJz\ndHVkZW50In19MAoGCCqGSM49BAMCA0cAMEQCIGbqxksgpnaZORD5H0dOXunzv49j\npOXiNMBgVQ+Z2uPPAiBYzPz4CRlg9PjmgzONysTIBpr92olS4OQRfPU+gjeQoA==\n-----END CERTIFICATE-----\n', 0x2d2d2d2d2d424547494e205055424c4943204b45592d2d2d2d2d0d0a4d466b77457759484b6f5a497a6a3043415159494b6f5a497a6a30444151634451674145425038644d4456677a48386b6c4d6979587673476a6852616c7973560d0a476d4f3777662f6f5175562f7a734b486355554c612f552f464730446d427a39526454706e4e3473427565726438345547716c5a626a736635773d3d0d0a2d2d2d2d2d454e44205055424c4943204b45592d2d2d2d2d0d0a, 0x2d2d2d2d2d424547494e2050524956415445204b45592d2d2d2d2d0d0a4d494748416745414d424d4742797147534d34394167454743437147534d3439417745484247307761774942415151677971387650474d756370416f3147672f0d0a5044436d75704a4d6536365372443153594f674e7a4f42347943696852414e43414151452f7830774e57444d66795355794c4a652b77614f464671584b7855610d0a593776422f2b684335582f4f776f6478525174723954385562514f5948503146314f6d6333697747353674337a68516171566c754f782f6e0d0a2d2d2d2d2d454e442050524956415445204b45592d2d2d2d2d0d0a, 'LCrCquWZcmbr', NULL, '2025-04-17 11:25:55'),
(56, '2001207788', '2001207184@hufi.edu.vn', '123456789998', 'student', '2000-04-17', 'Nguyễn Ngọc Nghĩa', 'HUIT', 'Org1', 'VN', 'TP HCM', 'Tân Phú', '-----BEGIN CERTIFICATE-----\nMIICmjCCAkGgAwIBAgIUWs1YuCfCqDADT7zrxoWkGTm1AIYwCgYIKoZIzj0EAwIw\ncDELMAkGA1UEBhMCVVMxFzAVBgNVBAgTDk5vcnRoIENhcm9saW5hMQ8wDQYDVQQH\nEwZEdXJoYW0xGTAXBgNVBAoTEG9yZzEuZXhhbXBsZS5jb20xHDAaBgNVBAMTE2Nh\nLm9yZzEuZXhhbXBsZS5jb20wHhcNMjUwNDE2MDIwMTAwWhcNMjYwNDE3MDQzNjAw\nWjBHMTAwCwYDVQQLEwRvcmcxMA0GA1UECxMGY2xpZW50MBIGA1UECxMLZGVwYXJ0\nbWVudDExEzARBgNVBAMTCjIwMDEyMDc3ODgwWTATBgcqhkjOPQIBBggqhkjOPQMB\nBwNCAAQ0LaI++ySPJrRKuAkV0p4CBiaoVurVTnFoIYEE2gZRfiPeSdkAz1RGYpO4\nLHiDuZ/YOvvA20sAtnQwRuO3u4fro4HhMIHeMA4GA1UdDwEB/wQEAwIHgDAMBgNV\nHRMBAf8EAjAAMB0GA1UdDgQWBBQtvwgKxJ1U6jMu5ui7sZJ5sVXf6DAfBgNVHSME\nGDAWgBT0L+GL1CNBlG27j8JScIUFOr4+1TB+BggqAwQFBgcIAQRyeyJhdHRycyI6\neyJoZi5BZmZpbGlhdGlvbiI6Im9yZzEuZGVwYXJ0bWVudDEiLCJoZi5FbnJvbGxt\nZW50SUQiOiIyMDAxMjA3Nzg4IiwiaGYuVHlwZSI6ImNsaWVudCIsInJvbGUiOiJz\ndHVkZW50In19MAoGCCqGSM49BAMCA0cAMEQCIBnLOOe7fMbnuVG7ArsTShD8Oqnp\nojofTWJPZ3J4b/AQAiAx4g30wOogOzMdcD0bBvusZ8VVfBQD1TIYu3zIKnuOTQ==\n-----END CERTIFICATE-----\n', 0x2d2d2d2d2d424547494e205055424c4943204b45592d2d2d2d2d0d0a4d466b77457759484b6f5a497a6a3043415159494b6f5a497a6a304441516344516741454e4332695076736b6a7961305372674a46644b654167596d714662710d0a3155357861434742424e6f475558346a336b6e5a414d3955526d4b547543783467376d6632447237774e744c414c5a304d45626a7437754836773d3d0d0a2d2d2d2d2d454e44205055424c4943204b45592d2d2d2d2d0d0a, 0x2d2d2d2d2d424547494e2050524956415445204b45592d2d2d2d2d0d0a4d494748416745414d424d4742797147534d34394167454743437147534d34394177454842473077617749424151516738345657545a7a46494a6d327751707a0d0a307341677035456f3469484770304470477a6a4a457266613556656852414e43414151304c61492b2b7953504a72524b75416b56307034434269616f567572560d0a546e466f4959454532675a526669506553646b417a31524759704f344c486944755a2f594f76764132307341746e517752754f33753466720d0a2d2d2d2d2d454e442050524956415445204b45592d2d2d2d2d0d0a, 'xUelWkYRROzk', '123456', '2025-04-17 11:35:40'),
(57, '2001208888', 'anh404128@gmail.com', '123456789011', 'student', '2002-09-22', 'Huỳnh Minh An', 'HUIT', 'Org1', 'VN', 'HCM', 'TB', '-----BEGIN CERTIFICATE-----\nMIICmzCCAkGgAwIBAgIUc6E3CZufl9ckzhy3vEGEbNn3zGwwCgYIKoZIzj0EAwIw\ncDELMAkGA1UEBhMCVVMxFzAVBgNVBAgTDk5vcnRoIENhcm9saW5hMQ8wDQYDVQQH\nEwZEdXJoYW0xGTAXBgNVBAoTEG9yZzEuZXhhbXBsZS5jb20xHDAaBgNVBAMTE2Nh\nLm9yZzEuZXhhbXBsZS5jb20wHhcNMjUwNDE2MDIwMTAwWhcNMjYwNDE3MDQ0NjAw\nWjBHMTAwCwYDVQQLEwRvcmcxMA0GA1UECxMGY2xpZW50MBIGA1UECxMLZGVwYXJ0\nbWVudDExEzARBgNVBAMTCjIwMDEyMDg4ODgwWTATBgcqhkjOPQIBBggqhkjOPQMB\nBwNCAASVzsXS5j6NqPvfMHXms0hChIaVNg7UMi43lyeYVO4CDlWYgQNQB+VNuDMN\nN4B48jwk42N/GsEs28XA275YCIYAo4HhMIHeMA4GA1UdDwEB/wQEAwIHgDAMBgNV\nHRMBAf8EAjAAMB0GA1UdDgQWBBTPx388ZAO93CuSuKUb+WQkLp5fZDAfBgNVHSME\nGDAWgBT0L+GL1CNBlG27j8JScIUFOr4+1TB+BggqAwQFBgcIAQRyeyJhdHRycyI6\neyJoZi5BZmZpbGlhdGlvbiI6Im9yZzEuZGVwYXJ0bWVudDEiLCJoZi5FbnJvbGxt\nZW50SUQiOiIyMDAxMjA4ODg4IiwiaGYuVHlwZSI6ImNsaWVudCIsInJvbGUiOiJz\ndHVkZW50In19MAoGCCqGSM49BAMCA0gAMEUCIQDfX+j+Lmr40XTW9VtPRqR4IyGK\nfjtT5EAXmWNfate+iQIgNiorIIy8PAORnAzcLO9qI1fCjjyMjQ0KOuQnNQ6LoiE=\n-----END CERTIFICATE-----\n', 0x2d2d2d2d2d424547494e205055424c4943204b45592d2d2d2d2d0d0a4d466b77457759484b6f5a497a6a3043415159494b6f5a497a6a304441516344516741456c6337463075592b6a616a37337a423135724e49516f53476c54594f0d0a314449754e35636e6d465475416735566d4945445541666c5462677a44546541655049384a4f4e6a667872424c4e7646774e752b5741694741413d3d0d0a2d2d2d2d2d454e44205055424c4943204b45592d2d2d2d2d0d0a, 0x2d2d2d2d2d424547494e2050524956415445204b45592d2d2d2d2d0d0a4d494748416745414d424d4742797147534d34394167454743437147534d3439417745484247307761774942415151676b2f7437355674414e64646533626e2f0d0a6a4c3237663668753744507a4a6549615a72466b673064506b68616852414e43414153567a735853356a364e715076664d48586d73306843684961564e6737550d0a4d6934336c796559564f3443446c575967514e51422b564e75444d4e4e344234386a776b34324e2f477345733238584132373559434959410d0a2d2d2d2d2d454e442050524956415445204b45592d2d2d2d2d0d0a, 'LiEuGdCcKgHb', '123456', '2025-04-17 11:46:24'),
(58, '2001204567', '2001204567@gmail.com', '123456789012', 'student', '2002-09-21', 'Võ Thái Bình', 'HUIT', 'Org1', 'VN', 'HCM', 'TB', '-----BEGIN CERTIFICATE-----\nMIICmzCCAkGgAwIBAgIUXSLHnvoyuyPWub75upwBWuR+5mMwCgYIKoZIzj0EAwIw\ncDELMAkGA1UEBhMCVVMxFzAVBgNVBAgTDk5vcnRoIENhcm9saW5hMQ8wDQYDVQQH\nEwZEdXJoYW0xGTAXBgNVBAoTEG9yZzEuZXhhbXBsZS5jb20xHDAaBgNVBAMTE2Nh\nLm9yZzEuZXhhbXBsZS5jb20wHhcNMjUwNDE2MDIwMTAwWhcNMjYwNDE3MDQ1MjAw\nWjBHMTAwCwYDVQQLEwRvcmcxMA0GA1UECxMGY2xpZW50MBIGA1UECxMLZGVwYXJ0\nbWVudDExEzARBgNVBAMTCjIwMDEyMDQ1NjcwWTATBgcqhkjOPQIBBggqhkjOPQMB\nBwNCAASNKETruXju4TCn4Rv8c2vv0Pp4MbgG4Zmn07Xi6MKtRQJVjJ6mAUGrncMp\nOQDSx77OUBi0euRW6unpF+b3gRm9o4HhMIHeMA4GA1UdDwEB/wQEAwIHgDAMBgNV\nHRMBAf8EAjAAMB0GA1UdDgQWBBQn+HsGtshYViCs8Kfp6I6UJ7vxKTAfBgNVHSME\nGDAWgBT0L+GL1CNBlG27j8JScIUFOr4+1TB+BggqAwQFBgcIAQRyeyJhdHRycyI6\neyJoZi5BZmZpbGlhdGlvbiI6Im9yZzEuZGVwYXJ0bWVudDEiLCJoZi5FbnJvbGxt\nZW50SUQiOiIyMDAxMjA0NTY3IiwiaGYuVHlwZSI6ImNsaWVudCIsInJvbGUiOiJz\ndHVkZW50In19MAoGCCqGSM49BAMCA0gAMEUCIQDFoX3kCjWn4coLKrBQELMN75AH\nSwbZhaJEOql3koImuwIgSr1e9Y0eMpz40QD4H/b8I7juA8t6MxZIztaSODJHQ6o=\n-----END CERTIFICATE-----\n', 0x2d2d2d2d2d424547494e205055424c4943204b45592d2d2d2d2d0d0a4d466b77457759484b6f5a497a6a3043415159494b6f5a497a6a304441516344516741456a53684536376c3437754577702b45622f484e7237394436654447340d0a4275475a70394f3134756a43725555435659796570674642713533444b546b413073652b7a6c41597448726b567572703652666d3934455a76513d3d0d0a2d2d2d2d2d454e44205055424c4943204b45592d2d2d2d2d0d0a, 0x2d2d2d2d2d424547494e2050524956415445204b45592d2d2d2d2d0d0a4d494748416745414d424d4742797147534d34394167454743437147534d343941774548424730776177494241515167514d724755786b653376397131495a6d0d0a4d6273725877746b4536394f65454c6c45435946545a30686439436852414e434141534e4b45547275586a753454436e3452763863327676305070344d6267470d0a345a6d6e30375869364d4b7452514a566a4a366d415547726e634d704f5144537837374f554269306575525736756e70462b623367526d390d0a2d2d2d2d2d454e442050524956415445204b45592d2d2d2d2d0d0a, 'SVRWXakOxRUm', NULL, '2025-04-17 11:51:45'),
(59, '2001207504', 'longbachngu7709dev@gmail.com', '009922994755', 'student', '2002-09-10', 'Nguyễn Bạch Ngân', 'Org1', 'IT', 'US', 'California', 'San Francisco', '-----BEGIN CERTIFICATE-----\nMIICkjCCAjmgAwIBAgIUTxP87ouwORgAoChTP+cxCWJUKOIwCgYIKoZIzj0EAwIw\naDELMAkGA1UEBhMCVVMxFzAVBgNVBAgTDk5vcnRoIENhcm9saW5hMRQwEgYDVQQK\nEwtIeXBlcmxlZGdlcjEPMA0GA1UECxMGRmFicmljMRkwFwYDVQQDExBmYWJyaWMt\nY2Etc2VydmVyMB4XDTI1MDQxOTA5MzUwMFoXDTI2MDQxOTA5NDUwMFowRzEwMAsG\nA1UECxMEb3JnMTANBgNVBAsTBmNsaWVudDASBgNVBAsTC2RlcGFydG1lbnQxMRMw\nEQYDVQQDEwoyMDAxMjA3NTA0MFkwEwYHKoZIzj0CAQYIKoZIzj0DAQcDQgAEUryB\nAjbViE6qC5MDWlWimcIacrqS15ya6FyDCkPcSUvnd1tvyBLHy5M72v8rMRci+jps\nUqFsFD4o9lGPsAkQwKOB4TCB3jAOBgNVHQ8BAf8EBAMCB4AwDAYDVR0TAQH/BAIw\nADAdBgNVHQ4EFgQU/+3COinkurA6Uy5RuImm+KbjIe4wHwYDVR0jBBgwFoAUpaO+\ncRZypuK4v0sAN5/LMy0KgOQwfgYIKgMEBQYHCAEEcnsiYXR0cnMiOnsiaGYuQWZm\naWxpYXRpb24iOiJvcmcxLmRlcGFydG1lbnQxIiwiaGYuRW5yb2xsbWVudElEIjoi\nMjAwMTIwNzUwNCIsImhmLlR5cGUiOiJjbGllbnQiLCJyb2xlIjoic3R1ZGVudCJ9\nfTAKBggqhkjOPQQDAgNHADBEAiBHnTa/yXzpbM/1clsFTJxW5mKJJ2Ff100RWB2m\ntKBZgQIgWTdLuiS9Ey0MwH0lq60Kp9YsmdN2fwYu98CVGYAI82E=\n-----END CERTIFICATE-----\n', 0x2d2d2d2d2d424547494e205055424c4943204b45592d2d2d2d2d0d0a4d466b77457759484b6f5a497a6a3043415159494b6f5a497a6a3044415163445167414555727942416a62566945367143354d44576c57696d634961637271530d0a3135796136467944436b50635355766e6431747679424c4879354d37327638724d5263692b6a7073557146734644346f396c475073416b5177413d3d0d0a2d2d2d2d2d454e44205055424c4943204b45592d2d2d2d2d0d0a, 0x2d2d2d2d2d424547494e2050524956415445204b45592d2d2d2d2d0d0a4d494748416745414d424d4742797147534d34394167454743437147534d343941774548424730776177494241515167315661497847495a38493652684d4a370d0a34364c647a4d58696e52394d3665566466503943554d53356162366852414e4341415253764945434e74574954716f4c6b774e6156614b5a7768707975704c580d0a6e4a726f58494d4b5139784a532b643357322f494573664c6b7a76612f79737846794c364f6d78536f57775550696a3255592b77435244410d0a2d2d2d2d2d454e442050524956415445204b45592d2d2d2d2d0d0a, 'zpJRMzHlvVgA', NULL, '2025-04-19 16:44:30'),
(60, '2000192998', 'ln596622@gmail.com', '00999448661', 'student', '2003-01-28', 'Lê Văn Thanh', 'Org1', 'IT', 'US', 'California', 'San Francisco', '-----BEGIN CERTIFICATE-----\nMIICkjCCAjmgAwIBAgIUaiMAEmSx8gR/+CqxXdULn/9DQhYwCgYIKoZIzj0EAwIw\naDELMAkGA1UEBhMCVVMxFzAVBgNVBAgTDk5vcnRoIENhcm9saW5hMRQwEgYDVQQK\nEwtIeXBlcmxlZGdlcjEPMA0GA1UECxMGRmFicmljMRkwFwYDVQQDExBmYWJyaWMt\nY2Etc2VydmVyMB4XDTI1MDQxOTA5MzUwMFoXDTI2MDUwOTA3NDQwMFowRzEwMAsG\nA1UECxMEb3JnMTANBgNVBAsTBmNsaWVudDASBgNVBAsTC2RlcGFydG1lbnQxMRMw\nEQYDVQQDEwoyMDAwMTkyOTk4MFkwEwYHKoZIzj0CAQYIKoZIzj0DAQcDQgAEWq6n\nKTkSe2nppeUPXZhy6RdlLMJ7GXrkOYPiXO1XpUj4zJ4CbpHtgXc/GgASuHBKF6sg\ne3NAMNiadvnhbD7DzqOB4TCB3jAOBgNVHQ8BAf8EBAMCB4AwDAYDVR0TAQH/BAIw\nADAdBgNVHQ4EFgQU+nOU4sfMGPHeBNmvWjwgKgBVu40wHwYDVR0jBBgwFoAUpaO+\ncRZypuK4v0sAN5/LMy0KgOQwfgYIKgMEBQYHCAEEcnsiYXR0cnMiOnsiaGYuQWZm\naWxpYXRpb24iOiJvcmcxLmRlcGFydG1lbnQxIiwiaGYuRW5yb2xsbWVudElEIjoi\nMjAwMDE5Mjk5OCIsImhmLlR5cGUiOiJjbGllbnQiLCJyb2xlIjoic3R1ZGVudCJ9\nfTAKBggqhkjOPQQDAgNHADBEAiBMu3x0b2BkgMVrzrFo+mt5ngYbtrLiR0z4xG36\nNxodbwIgBKRLhTS93UclR0899k9Ta42flXxtU8AnbqvJ9+ZRq/Y=\n-----END CERTIFICATE-----\n', 0x2d2d2d2d2d424547494e205055424c4943204b45592d2d2d2d2d0d0a4d466b77457759484b6f5a497a6a3043415159494b6f5a497a6a304441516344516741455771366e4b546b5365326e7070655550585a68793652646c4c4d4a370d0a4758726b4f595069584f315870556a347a4a3443627048746758632f476741537548424b4636736765334e414d4e696164766e68624437447a673d3d0d0a2d2d2d2d2d454e44205055424c4943204b45592d2d2d2d2d0d0a, 0x2d2d2d2d2d424547494e2050524956415445204b45592d2d2d2d2d0d0a4d494748416745414d424d4742797147534d34394167454743437147534d343941774548424730776177494241515167376f59585961463475376751697452380d0a6b7a78566463553968576a666163394261344744584231677752796852414e4341415261727163704f524a3761656d6c355139646d484c7046325573776e735a0d0a65755135672b4a633756656c53506a4d6e674a756b653242647a386141424b3463456f587179423763304177324a70322b6546735073504f0d0a2d2d2d2d2d454e442050524956415445204b45592d2d2d2d2d0d0a, 'qiiGJpDesSmU', '123456', '2025-05-09 14:43:50'),
(61, '2000192908', 'ln5966221@gmail.com', '00999442661', 'student', '2003-01-08', 'Lê Văn Tha', 'Org1', 'IT', 'US', 'California', 'San Francisco', '-----BEGIN CERTIFICATE-----\nMIICkzCCAjmgAwIBAgIUdJBtq1+4i9mEUzbXZv1PZjyKj9MwCgYIKoZIzj0EAwIw\naDELMAkGA1UEBhMCVVMxFzAVBgNVBAgTDk5vcnRoIENhcm9saW5hMRQwEgYDVQQK\nEwtIeXBlcmxlZGdlcjEPMA0GA1UECxMGRmFicmljMRkwFwYDVQQDExBmYWJyaWMt\nY2Etc2VydmVyMB4XDTI1MDQxOTA5MzUwMFoXDTI2MDUwOTA4NTIwMFowRzEwMAsG\nA1UECxMEb3JnMTANBgNVBAsTBmNsaWVudDASBgNVBAsTC2RlcGFydG1lbnQxMRMw\nEQYDVQQDEwoyMDAwMTkyOTA4MFkwEwYHKoZIzj0CAQYIKoZIzj0DAQcDQgAE4Of/\nVO5B3JVcrScRndBCbzjku5q4ydC+HxUbflnTsZJsj4ziuNNF3TkKgZ261BK+2y/G\nbkBlk7wkGtEgXmc5s6OB4TCB3jAOBgNVHQ8BAf8EBAMCB4AwDAYDVR0TAQH/BAIw\nADAdBgNVHQ4EFgQUIhSiDLoVgTpP5alEwY43w2wkzqQwHwYDVR0jBBgwFoAUpaO+\ncRZypuK4v0sAN5/LMy0KgOQwfgYIKgMEBQYHCAEEcnsiYXR0cnMiOnsiaGYuQWZm\naWxpYXRpb24iOiJvcmcxLmRlcGFydG1lbnQxIiwiaGYuRW5yb2xsbWVudElEIjoi\nMjAwMDE5MjkwOCIsImhmLlR5cGUiOiJjbGllbnQiLCJyb2xlIjoic3R1ZGVudCJ9\nfTAKBggqhkjOPQQDAgNIADBFAiEAsr9sCOaJ1u3dkJlp/RS1082ZoR4OjHnos7Bv\n9xwZ/W0CIC8J5IxUjvGOxE8wGvnaqB6Mgu9cPGQq/KI07NuZgzOB\n-----END CERTIFICATE-----\n', 0x2d2d2d2d2d424547494e205055424c4943204b45592d2d2d2d2d0d0a4d466b77457759484b6f5a497a6a3043415159494b6f5a497a6a30444151634451674145344f662f564f3542334a5663725363526e644243627a6a6b753571340d0a7964432b48785562666c6e54735a4a736a347a69754e4e4633546b4b675a323631424b2b32792f47626b426c6b37776b47744567586d633573773d3d0d0a2d2d2d2d2d454e44205055424c4943204b45592d2d2d2d2d0d0a, 0x2d2d2d2d2d424547494e2050524956415445204b45592d2d2d2d2d0d0a4d494748416745414d424d4742797147534d34394167454743437147534d343941774548424730776177494241515167775a4772544f614d6a554a4e714956580d0a6b494f78444c6f706f4d446339555a727775554344534d3954522b6852414e4341415467352f3955376b48636c5679744a78476430454a764f4f53376d726a4a0d0a304c34664652742b57644f786b6d79506a4f4b34303058644f5171426e627255457237624c385a755147575476435161305342655a7a6d7a0d0a2d2d2d2d2d454e442050524956415445204b45592d2d2d2d2d0d0a, 'nIqQGoklOdqd', '123456', '2025-05-09 15:51:59'),
(62, '2000192948', 'ln5964221@gmail.com', '00999432661', 'student', '2003-11-08', 'Lê Văn Na', 'Org1', 'IT', 'US', 'California', 'San Francisco', '-----BEGIN CERTIFICATE-----\nMIICkjCCAjmgAwIBAgIUXODcxRvewyAE7jSlKtDzk6zkK1EwCgYIKoZIzj0EAwIw\naDELMAkGA1UEBhMCVVMxFzAVBgNVBAgTDk5vcnRoIENhcm9saW5hMRQwEgYDVQQK\nEwtIeXBlcmxlZGdlcjEPMA0GA1UECxMGRmFicmljMRkwFwYDVQQDExBmYWJyaWMt\nY2Etc2VydmVyMB4XDTI1MDQxOTA5MzUwMFoXDTI2MDUwOTA5MDIwMFowRzEwMAsG\nA1UECxMEb3JnMTANBgNVBAsTBmNsaWVudDASBgNVBAsTC2RlcGFydG1lbnQxMRMw\nEQYDVQQDEwoyMDAwMTkyOTQ4MFkwEwYHKoZIzj0CAQYIKoZIzj0DAQcDQgAEf7O7\ncN7TUMHH26SKv01sq36fVAe1i6N+cV5c5hnefIByaaNC7d3ZZe3PkR2buYppkeW9\n1DtACvMNX/MLMoKTl6OB4TCB3jAOBgNVHQ8BAf8EBAMCB4AwDAYDVR0TAQH/BAIw\nADAdBgNVHQ4EFgQUGYmgIvg07guG0lL7hVTho2JOzVEwHwYDVR0jBBgwFoAUpaO+\ncRZypuK4v0sAN5/LMy0KgOQwfgYIKgMEBQYHCAEEcnsiYXR0cnMiOnsiaGYuQWZm\naWxpYXRpb24iOiJvcmcxLmRlcGFydG1lbnQxIiwiaGYuRW5yb2xsbWVudElEIjoi\nMjAwMDE5Mjk0OCIsImhmLlR5cGUiOiJjbGllbnQiLCJyb2xlIjoic3R1ZGVudCJ9\nfTAKBggqhkjOPQQDAgNHADBEAiAuOa72nDu07jpDAJHqY/E1juctBxmgi2UkOpW3\nHGxKKwIgEv6Qw6c+pjICmlONdFckYgCjpga0a0ZRG00qb1eh6nk=\n-----END CERTIFICATE-----\n', 0x2d2d2d2d2d424547494e205055424c4943204b45592d2d2d2d2d0d0a4d466b77457759484b6f5a497a6a3043415159494b6f5a497a6a3044415163445167414566374f37634e3754554d48483236534b7630317371333666564165310d0a69364e2b6356356335686e656649427961614e433764335a5a6533506b523262755970706b6557393144744143764d4e582f4d4c4d6f4b546c773d3d0d0a2d2d2d2d2d454e44205055424c4943204b45592d2d2d2d2d0d0a, 0x2d2d2d2d2d424547494e2050524956415445204b45592d2d2d2d2d0d0a4d494748416745414d424d4742797147534d34394167454743437147534d343941774548424730776177494241515167755853753036367075535753763248540d0a6f7567514748496471684d493253456545775a5544396f617130366852414e434141522f7337747733744e51776366627049712f54577972667039554237574c0d0a6f333578586c7a6d4764353867484a706f304c7433646c6c37632b52485a7535696d6d52356233554f30414b387731663877737967704f580d0a2d2d2d2d2d454e442050524956415445204b45592d2d2d2d2d0d0a, 'gardQNVSsoSV', '123456', '2025-05-09 16:01:53');

-- --------------------------------------------------------

--
-- Table structure for table `verifications`
--

CREATE TABLE `verifications` (
  `id` int(11) NOT NULL,
  `degree_id` int(11) DEFAULT NULL,
  `verified_by` int(11) DEFAULT NULL,
  `reason_for_access` varchar(255) NOT NULL,
  `verification_method` enum('code','qrcode','image') NOT NULL DEFAULT 'image',
  `verification_status` enum('success','failed') NOT NULL,
  `verification_date` datetime DEFAULT current_timestamp()
) ENGINE=InnoDB DEFAULT CHARSET=utf8mb4 COLLATE=utf8mb4_unicode_ci;

--
-- Indexes for dumped tables
--

--
-- Indexes for table `batch_process_logs`
--
ALTER TABLE `batch_process_logs`
  ADD PRIMARY KEY (`id`),
  ADD KEY `degree_id` (`degree_id`);

--
-- Indexes for table `batch_process_summary`
--
ALTER TABLE `batch_process_summary`
  ADD PRIMARY KEY (`id`),
  ADD KEY `approver_id` (`approver_id`);

--
-- Indexes for table `degrees`
--
ALTER TABLE `degrees`
  ADD PRIMARY KEY (`id`),
  ADD UNIQUE KEY `blockchain_hash` (`blockchain_hash`),
  ADD UNIQUE KEY `verification_code` (`verification_code`),
  ADD KEY `user_id` (`user_id`),
  ADD KEY `major_id` (`major_id`);

--
-- Indexes for table `majors`
--
ALTER TABLE `majors`
  ADD PRIMARY KEY (`id`),
  ADD UNIQUE KEY `name` (`name`);

--
-- Indexes for table `nfts`
--
ALTER TABLE `nfts`
  ADD PRIMARY KEY (`id`),
  ADD UNIQUE KEY `token_id` (`token_id`),
  ADD KEY `owner_id` (`owner_id`),
  ADD KEY `token_id_2` (`token_id`);

--
-- Indexes for table `nft_attributes`
--
ALTER TABLE `nft_attributes`
  ADD PRIMARY KEY (`id`),
  ADD KEY `token_id` (`token_id`);

--
-- Indexes for table `nft_transactions`
--
ALTER TABLE `nft_transactions`
  ADD PRIMARY KEY (`id`),
  ADD KEY `token_id` (`token_id`),
  ADD KEY `from_user` (`from_user`),
  ADD KEY `to_user` (`to_user`);

--
-- Indexes for table `nft_verification`
--
ALTER TABLE `nft_verification`
  ADD PRIMARY KEY (`id`),
  ADD KEY `token_id` (`token_id`),
  ADD KEY `verification_code` (`verification_code`),
  ADD KEY `owner_id` (`owner_id`);

--
-- Indexes for table `nft_verification_rights`
--
ALTER TABLE `nft_verification_rights`
  ADD PRIMARY KEY (`id`),
  ADD KEY `token_id` (`token_id`),
  ADD KEY `owner_id` (`owner_id`),
  ADD KEY `verifier_id` (`verifier_id`);

--
-- Indexes for table `qr_codes`
--
ALTER TABLE `qr_codes`
  ADD PRIMARY KEY (`id`);

--
-- Indexes for table `tokens`
--
ALTER TABLE `tokens`
  ADD PRIMARY KEY (`id`),
  ADD KEY `user_id` (`user_id`);

--
-- Indexes for table `users`
--
ALTER TABLE `users`
  ADD PRIMARY KEY (`id`),
  ADD UNIQUE KEY `username` (`username`),
  ADD UNIQUE KEY `email` (`email`),
  ADD UNIQUE KEY `citizen_id` (`citizen_id`);

--
-- Indexes for table `verifications`
--
ALTER TABLE `verifications`
  ADD PRIMARY KEY (`id`),
  ADD KEY `degree_id` (`degree_id`),
  ADD KEY `verified_by` (`verified_by`);

--
-- AUTO_INCREMENT for dumped tables
--

--
-- AUTO_INCREMENT for table `batch_process_logs`
--
ALTER TABLE `batch_process_logs`
  MODIFY `id` int(11) NOT NULL AUTO_INCREMENT, AUTO_INCREMENT=9;

--
-- AUTO_INCREMENT for table `batch_process_summary`
--
ALTER TABLE `batch_process_summary`
  MODIFY `id` int(11) NOT NULL AUTO_INCREMENT, AUTO_INCREMENT=4;

--
-- AUTO_INCREMENT for table `degrees`
--
ALTER TABLE `degrees`
  MODIFY `id` int(11) NOT NULL AUTO_INCREMENT, AUTO_INCREMENT=107;

--
-- AUTO_INCREMENT for table `majors`
--
ALTER TABLE `majors`
  MODIFY `id` int(11) NOT NULL AUTO_INCREMENT, AUTO_INCREMENT=6;

--
-- AUTO_INCREMENT for table `nfts`
--
ALTER TABLE `nfts`
  MODIFY `id` int(11) NOT NULL AUTO_INCREMENT;

--
-- AUTO_INCREMENT for table `nft_attributes`
--
ALTER TABLE `nft_attributes`
  MODIFY `id` int(11) NOT NULL AUTO_INCREMENT;

--
-- AUTO_INCREMENT for table `nft_transactions`
--
ALTER TABLE `nft_transactions`
  MODIFY `id` int(11) NOT NULL AUTO_INCREMENT;

--
-- AUTO_INCREMENT for table `nft_verification`
--
ALTER TABLE `nft_verification`
  MODIFY `id` int(11) NOT NULL AUTO_INCREMENT;

--
-- AUTO_INCREMENT for table `nft_verification_rights`
--
ALTER TABLE `nft_verification_rights`
  MODIFY `id` int(11) NOT NULL AUTO_INCREMENT;

--
-- AUTO_INCREMENT for table `qr_codes`
--
ALTER TABLE `qr_codes`
  MODIFY `id` int(11) NOT NULL AUTO_INCREMENT, AUTO_INCREMENT=6;

--
-- AUTO_INCREMENT for table `tokens`
--
ALTER TABLE `tokens`
  MODIFY `id` int(11) NOT NULL AUTO_INCREMENT, AUTO_INCREMENT=314;

--
-- AUTO_INCREMENT for table `users`
--
ALTER TABLE `users`
  MODIFY `id` int(11) NOT NULL AUTO_INCREMENT, AUTO_INCREMENT=63;

--
-- AUTO_INCREMENT for table `verifications`
--
ALTER TABLE `verifications`
  MODIFY `id` int(11) NOT NULL AUTO_INCREMENT, AUTO_INCREMENT=5;

--
-- Constraints for dumped tables
--

--
-- Constraints for table `batch_process_logs`
--
ALTER TABLE `batch_process_logs`
  ADD CONSTRAINT `batch_process_logs_ibfk_1` FOREIGN KEY (`degree_id`) REFERENCES `degrees` (`id`) ON DELETE CASCADE;

--
-- Constraints for table `batch_process_summary`
--
ALTER TABLE `batch_process_summary`
  ADD CONSTRAINT `batch_process_summary_ibfk_1` FOREIGN KEY (`approver_id`) REFERENCES `users` (`id`) ON DELETE CASCADE;

--
-- Constraints for table `degrees`
--
ALTER TABLE `degrees`
  ADD CONSTRAINT `degrees_ibfk_1` FOREIGN KEY (`user_id`) REFERENCES `users` (`id`) ON DELETE CASCADE,
  ADD CONSTRAINT `degrees_ibfk_2` FOREIGN KEY (`major_id`) REFERENCES `majors` (`id`) ON DELETE CASCADE;

--
-- Constraints for table `nft_attributes`
--
ALTER TABLE `nft_attributes`
  ADD CONSTRAINT `nft_attributes_ibfk_1` FOREIGN KEY (`token_id`) REFERENCES `nfts` (`token_id`) ON DELETE CASCADE;

--
-- Constraints for table `nft_transactions`
--
ALTER TABLE `nft_transactions`
  ADD CONSTRAINT `nft_transactions_ibfk_1` FOREIGN KEY (`token_id`) REFERENCES `nfts` (`token_id`) ON DELETE CASCADE;

--
-- Constraints for table `tokens`
--
ALTER TABLE `tokens`
  ADD CONSTRAINT `tokens_ibfk_1` FOREIGN KEY (`user_id`) REFERENCES `users` (`id`) ON DELETE CASCADE;

--
-- Constraints for table `verifications`
--
ALTER TABLE `verifications`
  ADD CONSTRAINT `verifications_ibfk_1` FOREIGN KEY (`degree_id`) REFERENCES `degrees` (`id`) ON DELETE SET NULL,
  ADD CONSTRAINT `verifications_ibfk_2` FOREIGN KEY (`verified_by`) REFERENCES `users` (`id`) ON DELETE SET NULL;
COMMIT;

/*!40101 SET CHARACTER_SET_CLIENT=@OLD_CHARACTER_SET_CLIENT */;
/*!40101 SET CHARACTER_SET_RESULTS=@OLD_CHARACTER_SET_RESULTS */;
/*!40101 SET COLLATION_CONNECTION=@OLD_COLLATION_CONNECTION */;
